"TREE_TAG","SPECIES","DBH1","DBH2","STATUS1","STATUS2","X","Y","R","u","v","DI","DI_ii","Abies holophylla","Abies nephrolepis","Acer barbinerve"
2119032,"Abies holophylla",18.8,21.8,1,1,361.32,418.08,20,1,1,1.16202858992845,0,0,0,1.16202858992845
103015,"Abies holophylla",23.3,23.7,1,1,43.05,16.97,20,1,1,1.0812306799381,0,0,0,1.0812306799381
524200,"Abies holophylla",68.5,69.3,1,1,465.7,90.4,20,1,1,0.101061876880354,0,0,0,0.101061876880354
425005,"Abies nephrolepis",44,45.9,1,1,481.9,62.7,20,1,1,4.49413230123659,0,0,3.71082425635878,0.783308044877811
525012,"Abies nephrolepis",58.6,60.8,1,1,487.5,85.5,20,1,1,4.08475556408232,0,0,3.82952456168397,0.255231002398345
125023,"Abies nephrolepis",11,12.4,1,1,485.6,12.8,20,1,1,1.01179302026347,0,0,0,1.01179302026347
425015,"Abies nephrolepis",47.5,49,1,1,480.3,75.4,20,1,1,9.07990143335859,0,0,8.16181908619931,0.918082347159286
101004,"Acer barbinerve",2.95,3.22,1,1,0.46,4.45,20,1,1,5.11159524357108,0,0,0,5.11159524357108
101005,"Acer barbinerve",1.6,1.5,1,1,4.7,4.91,20,1,1,8.70492783601803,0,0,0,8.70492783601803
1815077,"Acer barbinerve",4.89,5.9,1,1,298.24,340.5,20,1,1,0.655485948198063,0,0,0,0.655485948198063
1616023,"Acer barbinerve",2.04,2.04,1,1,308.22,311.45,20,1,1,0.726610640751741,0,0,0,0.726610640751741
108009,"Acer barbinerve",3.04,3.1,1,1,146.44,8.75,20,1,1,13.3402411262882,0,0,0,13.3402411262882
101014,"Acer barbinerve",1.43,NA,1,0,5.41,6.65,20,1,1,11.7450836628009,0,0,0,11.7450836628009
101015,"Acer barbinerve",1.82,1.81,1,1,5.81,7.44,20,1,1,13.2754416422912,0,0,0,13.2754416422912
101019,"Acer barbinerve",2.48,2.6,1,1,6.41,8.06,20,1,1,11.4215598358842,0,0,0,11.4215598358842
101024,"Acer barbinerve",2.25,2.4,1,1,6.68,6.75,20,1,1,10.4484951940081,0,0,0,10.4484951940081
1616031,"Acer barbinerve",2.81,NA,1,0,310.77,319.84,20,1,1,0.777962729676825,0,0,0,0.777962729676825
1815207,"Acer barbinerve",1.619,1.46,1,1,289.6,343.46,20,1,1,1.45234284648991,0,0,0,1.45234284648991
101029,"Acer barbinerve",2.02,2.22,1,1,8.1,3.75,20,1,1,6.04070949085262,0,0,0,6.04070949085262
2515205,"Acer barbinerve",3.798,5.5,1,1,288.05,492.66,20,1,1,0,0,0,0,0
101034,"Acer barbinerve",2.78,NA,1,0,1.55,11.42,20,1,1,4.69909450026487,0,0,0,4.69909450026487
101038,"Acer barbinerve",2.05,2.9,1,1,5.37,17.25,20,1,1,3.34190305883661,0,0,0,3.34190305883661
612209,"Acer barbinerve",3.166,NA,1,0,230.34,111.33,20,1,1,0,0,0,0,0
2324023,"Acer barbinerve",2.65,3,1,1,469.9,454.2,20,1,1,1.49093064686619,0,0,0,1.49093064686619
1908218,"Acer barbinerve",1.85,NA,1,0,151.57,366.18,20,1,1,0.0694857959851415,0,0,0,0.0694857959851415
2303021,"Acer barbinerve",2.86,NA,1,0,43.1,454.3,20,1,1,4.0995936859358,0,0,0,4.0995936859358
1003202,"Acer barbinerve",2.1,2.1,1,1,45.45,182,20,1,1,0.169951500243637,0,0,0,0.169951500243637
1725096,"Acer barbinerve",6.482,NA,1,0,496.3,323.4,20,1,1,1.37612495421578,0,0,0,1.37612495421578
321029,"Acer barbinerve",1.328,1.39,1,1,401.98,53.8,20,1,1,0.745028123044828,0,0,0,0.745028123044828
2002038,"Acer barbinerve",4.6,NA,1,0,32.65,396.43,20,1,1,0.185288879773418,0,0,0,0.185288879773418
1121016,"Acer barbinerve",3.052,3.1,1,1,404,210.9,20,1,1,4.14965727319557,0,0,0,4.14965727319557
1121019,"Acer barbinerve",2.844,2.8,1,1,400.8,212.2,20,1,1,3.46325087538476,0,0,0,3.46325087538476
2113205,"Acer barbinerve",2.928,NA,1,0,252.12,410.89,20,1,1,0.768249942344839,0,0,0,0.768249942344839
1121022,"Acer barbinerve",2.074,2.2,1,1,404.3,214.3,20,1,1,4.16502595663015,0,0,0,4.16502595663015
515016,"Acer barbinerve",2.02,2.09,1,1,285.6,80.68,20,1,1,1.79629396340455,0,0,0,1.79629396340455
2113208,"Acer barbinerve",2.427,NA,1,0,252.67,406.68,20,1,1,0.902899709877648,0,0,0,0.902899709877648
1617002,"Acer barbinerve",3.26,3.4,1,1,322.53,302.96,20,1,1,1.0281484757026,0,0,0,1.0281484757026
101072,"Acer barbinerve",1.89,NA,1,0,17.02,2.45,20,1,1,3.69152133661635,0,0,0,3.69152133661635
101074,"Acer barbinerve",3.1,3.3,1,1,19.78,1.42,20,1,1,2.5184564972719,0,0,0,2.5184564972719
2324043,"Acer barbinerve",3.06,2.9,1,1,476.5,449.3,20,1,1,2.98640397925205,0,0,0,2.98640397925205
418056,"Acer barbinerve",4.207,5.2,1,1,355,79.99,20,1,1,0.568352987573732,0,0,0,0.568352987573732
101201,"Acer barbinerve",3.34,NA,1,0,3.12,4.07,20,1,1,6.46289994557306,0,0,0,6.46289994557306
101202,"Acer barbinerve",3.4,3.37,1,1,5.18,9.79,20,1,1,9.05485700870382,0,0,0,9.05485700870382
101203,"Acer barbinerve",2.4,2.77,1,1,5.27,8.9,20,1,1,11.7028764765088,0,0,0,11.7028764765088
1617015,"Acer barbinerve",1.48,NA,1,0,324.98,310.67,20,1,1,3.51505263488681,0,0,0,3.51505263488681
2114010,"Acer barbinerve",2.147,2.3,1,1,262.65,408,20,1,1,0.927269490835579,0,0,0,0.927269490835579
914029,"Acer barbinerve",1.86,NA,1,0,273.68,177.18,20,1,1,3.64261894546733,0,0,0,3.64261894546733
418067,"Acer barbinerve",2.006,1.74,1,1,353.2,65.3,20,1,1,0.589158228909091,0,0,0,0.589158228909091
101210,"Acer barbinerve",1.65,1.67,1,1,10.46,14.54,20,1,1,3.69297037464077,0,0,0,3.69297037464077
2324214,"Acer barbinerve",4.79,NA,1,0,479,440.6,20,1,1,2.70342042248665,0,0,0,2.70342042248665
1216005,"Acer barbinerve",1.668,1.62,1,1,302.81,223.74,20,1,1,1.79589805756494,0,0,0,1.79589805756494
2021037,"Acer barbinerve",4.13,4.5,1,1,417.7,397.3,20,1,1,2.62206745892323,0,0,0,2.62206745892323
2325006,"Acer barbinerve",4.43,4.5,1,1,480.5,445.4,20,1,1,3.27986146266147,0,0,0,3.27986146266147
613045,"Acer barbinerve",1.836,NA,1,0,259.07,101.87,20,1,1,1.30623410831986,0,0,0,1.30623410831986
1617029,"Acer barbinerve",2.18,NA,1,0,326.08,311.03,20,1,1,3.01145686289358,0,0,0,3.01145686289358
2325011,"Acer barbinerve",4.8,5.1,1,1,489.5,445.4,20,1,1,2.76284625662602,0,0,0,2.76284625662602
101218,"Acer barbinerve",2.23,1.97,1,1,11.38,1.85,20,1,1,4.21733270064904,0,0,0,4.21733270064904
124006,"Acer barbinerve",2.39,NA,1,0,460.7,7.1,20,1,1,0.125909091513751,0,0,0,0.125909091513751
2325015,"Acer barbinerve",2.55,2.7,1,1,482.7,450.4,20,1,1,3.18398022379722,0,0,0,3.18398022379722
1617037,"Acer barbinerve",2.33,2.68,1,1,334.92,312.28,20,1,1,3.07148757806621,0,0,0,3.07148757806621
321065,"Acer barbinerve",3.275,3.56,1,1,412.6,49.8,20,1,1,1.40390898657507,0,0,0,1.40390898657507
321066,"Acer barbinerve",2.284,NA,1,0,413.8,45.7,20,1,1,1.72572301193116,0,0,0,1.72572301193116
1121071,"Acer barbinerve",1.324,NA,1,0,417.7,205.2,20,1,1,7.0485227544911,0,0,0,7.0485227544911
222202,"Acer barbinerve",3.38,3.51,1,1,428,27.1,20,1,1,0.463856907121017,0,0,0,0.463856907121017
1121075,"Acer barbinerve",3.884,4,1,1,418.6,209.7,20,1,1,4.75231029143783,0,0,0,4.75231029143783
2303205,"Acer barbinerve",2.55,3.3,1,1,42.73,453.8,20,1,1,4.59797566344172,0,0,0,4.59797566344172
1121078,"Acer barbinerve",1.846,1.9,1,1,416.6,203.4,20,1,1,6.80474089655599,0,0,0,6.80474089655599
1121079,"Acer barbinerve",1.603,2,1,1,416.5,200.2,20,1,1,4.36174587327294,0,0,0,4.36174587327294
614001,"Acer barbinerve",2.58,NA,1,0,260.75,103.5,20,1,1,1.1907293857293,0,0,0,1.1907293857293
2114042,"Acer barbinerve",5.348,5.5,1,1,275.4,409.05,20,1,1,0.167824026645745,0,0,0,0.167824026645745
1617051,"Acer barbinerve",1.69,1.92,1,1,339.69,311.53,20,1,1,4.50610426617047,0,0,0,4.50610426617047
1121201,"Acer barbinerve",3.686,3.7,1,1,404.1,201.7,20,1,1,2.589366888192,0,0,0,2.589366888192
321209,"Acer barbinerve",1.147,NA,1,0,418.1,53.8,20,1,1,2.16489343398827,0,0,0,2.16489343398827
1121208,"Acer barbinerve",5.123,5.7,1,1,411.5,212.3,20,1,1,4.74035710700773,0,0,0,4.74035710700773
1121209,"Acer barbinerve",2.494,2.5,1,1,413.8,211,20,1,1,6.1791906605546,0,0,0,6.1791906605546
907004,"Acer barbinerve",3.15,3.27,1,1,120.25,163.65,20,1,1,0.294204384284596,0,0,0,0.294204384284596
322006,"Acer barbinerve",3.346,3.6,1,1,425.2,46.9,20,1,1,2.369530734609,0,0,0,2.369530734609
2325040,"Acer barbinerve",3.52,3.5,1,1,491.7,443.1,20,1,1,2.80998029424551,0,0,0,2.80998029424551
2421009,"Acer barbinerve",1.67,1.87,1,1,404.5,469.1,20,1,1,0.833251146647026,0,0,0,0.833251146647026
1121214,"Acer barbinerve",2.991,3.5,1,1,416.4,214.8,20,1,1,4.74875877252032,0,0,0,4.74875877252032
102050,"Acer barbinerve",1.57,1.58,1,1,33.07,19.96,20,1,1,4.64514947557884,0,2.23645421723421,0,2.40869525834464
102051,"Acer barbinerve",3.64,4.2,1,1,34.58,19.9,20,1,1,3.75746793419793,0,2.5997308705057,0,1.15773706369223
1121217,"Acer barbinerve",1.423,1.6,1,1,413.2,200.3,20,1,1,4.26625587547559,0,0,0,4.26625587547559
1121218,"Acer barbinerve",2.21,NA,1,0,414.9,203.2,20,1,1,5.84441985774751,0,0,0,5.84441985774751
1121219,"Acer barbinerve",1.65,2.2,1,1,416.9,204.65,20,1,1,7.47938962477618,0,0,0,7.47938962477618
2517027,"Acer barbinerve",2.681,3.2,1,1,333.53,492.86,20,1,1,0.946103709510123,0,0,0,0.946103709510123
1816211,"Acer barbinerve",2.192,NA,1,0,300.8,349,20,1,1,0.804622108656285,0,0,0,0.804622108656285
1216069,"Acer barbinerve",1.577,1.65,1,1,317.64,233.99,20,1,1,1.27693249073935,0,0,0,1.27693249073935
1710042,"Acer barbinerve",1.843,1.6,1,1,197.1,336.9,20,1,1,0.136519475346683,0,0,0,0.136519475346683
322021,"Acer barbinerve",4.937,NA,1,0,439,58,20,1,1,5.05459624578089,0,0,0,5.05459624578089
322022,"Acer barbinerve",6.283,NA,1,0,439.5,52.8,20,1,1,6.20446234445366,0,0,0,6.20446234445366
322025,"Acer barbinerve",2.928,3.5,1,1,431.9,40.9,20,1,1,3.49013181140891,0,0,0,3.49013181140891
2517040,"Acer barbinerve",2.149,2.5,1,1,336.52,492.12,20,1,1,1.18431255893675,0,0,0,1.18431255893675
322027,"Acer barbinerve",1.779,1.85,1,1,433.7,45.5,20,1,1,4.71365404414521,0,0,0,4.71365404414521
1122014,"Acer barbinerve",1.767,1.9,1,1,422.17,213.5,20,1,1,4.02960184171187,0,0,0,4.02960184171187
907030,"Acer barbinerve",4.25,4.05,1,1,134.5,161.28,20,1,1,0.898682443806288,0,0,0,0.898682443806288
614202,"Acer barbinerve",2,2.05,1,1,266.38,108.4,20,1,1,0.908688903985041,0,0,0,0.908688903985041
322032,"Acer barbinerve",1.736,NA,1,0,439.7,48.7,20,1,1,7.09303411374435,0,0,0,7.09303411374435
1216202,"Acer barbinerve",1.972,2.07,1,1,305.27,223.37,20,1,1,1.99590971922584,0,0,0,1.99590971922584
1216203,"Acer barbinerve",1.755,NA,1,0,303.48,230.18,20,1,1,1.28795717798222,0,0,0,1.28795717798222
1618011,"Acer barbinerve",2.8,NA,1,0,347.32,305.29,20,1,1,3.59097708920861,0,0,0,3.59097708920861
2022035,"Acer barbinerve",1.57,1.7,1,1,431,397.29,20,1,1,2.41792635125882,0,0,0,2.41792635125882
322202,"Acer barbinerve",1.054,NA,1,0,432,47.6,20,1,1,4.81135829136498,0,0,0,4.81135829136498
1618016,"Acer barbinerve",1.56,NA,1,0,349.36,304.82,20,1,1,3.91610453317867,0,0,0,3.91610453317867
1618017,"Acer barbinerve",4.45,4.6,1,1,340.53,308.32,20,1,1,3.19442406378993,0,0,0,3.19442406378993
614212,"Acer barbinerve",2.758,2.76,1,1,278.46,116.85,20,1,1,1.27734940168467,0,0,0,1.27734940168467
419052,"Acer barbinerve",2.744,3.1,1,1,375.67,68.51,20,1,1,0.695622894134296,0,0,0,0.695622894134296
1216212,"Acer barbinerve",3.07,3.36,1,1,317.51,229.37,20,1,1,1.04821853522613,0,0,0,1.04821853522613
323006,"Acer barbinerve",3.254,3.64,1,1,449.1,46.7,20,1,1,9.01095150459905,0,0,0,9.01095150459905
323007,"Acer barbinerve",6.7,6.8,1,1,446.1,44.9,20,1,1,6.54505995660338,0,0,0,6.54505995660338
125014,"Acer barbinerve",3.25,NA,1,0,480.6,13.2,20,1,1,2.53491517268575,0,0,2.19299361277948,0.341921559906274
2022055,"Acer barbinerve",4.1,NA,1,0,431.2,389.1,20,1,1,2.42599070463513,0,0,0,2.42599070463513
615003,"Acer barbinerve",2.712,NA,1,0,280.3,104.8,20,1,1,1.05976401650878,0,0,0,1.05976401650878
419203,"Acer barbinerve",3.195,3.2,1,1,366.71,73.72,20,1,1,0.908272000070167,0,0,0,0.908272000070167
2022058,"Acer barbinerve",2.7,3.1,1,1,436.4,387.4,20,1,1,3.33003772038029,0,0,0,3.33003772038029
908005,"Acer barbinerve",1.35,NA,1,0,144.4,160.5,20,1,1,2.75614194157258,0,0,0,2.75614194157258
2022060,"Acer barbinerve",5.6,5.2,1,1,437.8,384.3,20,1,1,1.91624348207695,0,0,0,1.91624348207695
1618038,"Acer barbinerve",3.59,NA,1,0,359.69,318.08,20,1,1,5.93272151710803,0,0,0,5.93272151710803
323020,"Acer barbinerve",1.51,1.54,1,1,447.3,58,20,1,1,6.53937612697492,0,0,0,6.53937612697492
908012,"Acer barbinerve",1.55,1.48,1,1,141.5,166.4,20,1,1,1.90822094406464,0,0,0,1.90822094406464
1122205,"Acer barbinerve",3.493,3.7,1,1,424.7,219.05,20,1,1,2.36871039216461,0,0,0,2.36871039216461
2022202,"Acer barbinerve",2.05,2.48,1,1,420.95,395.38,20,1,1,3.35241692351689,0,0,0,3.35241692351689
2421071,"Acer barbinerve",2.72,3,1,1,417.1,470.5,20,1,1,0.882686219806789,0,0,0,0.882686219806789
323025,"Acer barbinerve",4.477,4.38,1,1,446.5,51.8,20,1,1,16.5972035121113,0,0,0,16.5972035121113
323026,"Acer barbinerve",4.454,NA,1,0,447.2,51.3,20,1,1,14.9824099208553,0,0,0,14.9824099208553
323027,"Acer barbinerve",3.655,NA,1,0,446.9,52.4,20,1,1,16.3699231064817,0,0,0,16.3699231064817
323029,"Acer barbinerve",2.59,3.63,1,1,453.9,50.6,20,1,1,14.3752703307305,0,0,0,14.3752703307305
1618055,"Acer barbinerve",1.8,1.85,1,1,357.9,307.62,20,1,1,4.97274412968863,0,0,0,4.97274412968863
224005,"Acer barbinerve",2.41,2.85,1,1,469.3,24.2,20,1,1,1.04045698676857,0,0,0.553015240464513,0.487441746304052
1618058,"Acer barbinerve",2.93,3.45,1,1,355.88,306.74,20,1,1,4.04453777888687,0,0,0,4.04453777888687
103040,"Acer barbinerve",2.3,2.71,1,1,53.43,15.5,20,1,1,4.50085448102309,0,2.22252473481244,0,2.27832974621065
420010,"Acer barbinerve",3.108,3.4,1,1,382.18,73.2,20,1,1,0.548408513650863,0,0,0,0.548408513650863
1618201,"Acer barbinerve",3.26,NA,1,0,342.5,315,20,1,1,4.21488129406293,0,0,0,4.21488129406293
1123014,"Acer barbinerve",1.95,2.2,1,1,441.5,210.6,20,1,1,1.66812011342442,0,0,0,1.66812011342442
1123016,"Acer barbinerve",1.461,1.7,1,1,442.35,212.1,20,1,1,1.77445952345767,0,0,0,1.77445952345767
2518202,"Acer barbinerve",3.625,3.65,1,1,347.09,487.47,20,1,1,0.548301758861338,0,0,0,0.548301758861338
908030,"Acer barbinerve",1.93,2.13,1,1,146.5,178.2,20,1,1,1.96281370615971,0,0,0,1.96281370615971
323042,"Acer barbinerve",1.347,1.62,1,1,458.7,57.8,20,1,1,4.92519048544166,0,0,0,4.92519048544166
323043,"Acer barbinerve",3.007,3.41,1,1,457.6,51.2,20,1,1,7.48245532920263,0,0,0,7.48245532920263
615043,"Acer barbinerve",2.019,2.31,1,1,288.9,113.8,20,1,1,2.36559965731579,0,0,0,2.36559965731579
1123023,"Acer barbinerve",1.586,1.5,1,1,446.8,211.1,20,1,1,0.7721521114707,0,0,0,0.7721521114707
125208,"Acer barbinerve",3.01,3.08,1,1,492.2,2.3,20,1,1,1.09112908025945,0,0,0.886952575363911,0.204176504895543
812210,"Acer barbinerve",2.15,2.29,1,1,239.56,159.84,20,1,1,6.54603144749692,0,0,0,6.54603144749692
908040,"Acer barbinerve",1.6,1.73,1,1,153.8,171.3,20,1,1,3.81951081196785,0,0,0,3.81951081196785
1217045,"Acer barbinerve",1.527,NA,1,0,337.62,230.67,20,1,1,0.228406135570842,0,0,0,0.228406135570842
323050,"Acer barbinerve",5.8,5.1,1,1,453.3,49.8,20,1,1,11.869704377409,0,0,0,11.869704377409
323051,"Acer barbinerve",1.801,1.76,1,1,454,49.7,20,1,1,17.768821072351,0,0,0,17.768821072351
323052,"Acer barbinerve",2.2,2.57,1,1,456.9,45.5,20,1,1,7.0986135760603,0,0,0,7.0986135760603
1619027,"Acer barbinerve",1.48,1.74,1,1,361.95,310.76,20,1,1,4.45755568856243,0,0,0,4.45755568856243
323054,"Acer barbinerve",2.414,2.34,1,1,456.7,47.6,20,1,1,8.18758125482112,0,0,0,8.18758125482112
2519004,"Acer barbinerve",3.292,3.3,1,1,365.48,486.04,20,1,1,0.550285106967482,0,0,0,0.550285106967482
908052,"Acer barbinerve",2,2.19,1,1,155.44,170.94,20,1,1,3.68767411371545,0,0,0,3.68767411371545
323200,"Acer barbinerve",1.469,1.5,1,1,458.5,41.2,20,1,1,4.42601306221655,0,0,0,4.42601306221655
1817033,"Acer barbinerve",4.018,4.2,1,1,321.62,354.88,20,1,1,5.53347410620886,0,0,0,5.53347410620886
1817036,"Acer barbinerve",1.963,1.93,1,1,323.32,357.47,20,1,1,5.55054419110702,0,0,0,5.55054419110702
1619036,"Acer barbinerve",2.67,3.19,1,1,360.77,315.36,20,1,1,5.93076325512253,0,0,0,5.93076325512253
1619037,"Acer barbinerve",2.83,3.14,1,1,362.09,318.16,20,1,1,6.1471306246743,0,0,0,6.1471306246743
714207,"Acer barbinerve",2.1,NA,1,0,276.7,128.28,20,1,1,0.653810920141672,0,0,0,0.653810920141672
1218005,"Acer barbinerve",1.975,2.04,1,1,346.09,228.93,20,1,1,0.176595528616039,0,0,0,0.176595528616039
224211,"Acer barbinerve",2.45,2.43,1,1,476.6,38.05,20,1,1,0.507656716044857,0,0,0,0.507656716044857
324010,"Acer barbinerve",2.122,NA,1,0,462.7,50.4,20,1,1,5.38957360179,0,0,0,5.38957360179
1711205,"Acer barbinerve",2.083,2.2,1,1,207.07,325.35,20,1,1,0.120789915057098,0,0,0,0.120789915057098
715007,"Acer barbinerve",2.7,3,1,1,287.4,123.1,20,1,1,1.65288681445957,0,0,0,1.65288681445957
103218,"Acer barbinerve",3.6,2.6,1,1,54.85,16.7,20,1,1,3.37255051226657,0,1.97405957299739,0,1.39849093926918
2422036,"Acer barbinerve",3.92,4.4,1,1,434.25,472.1,20,1,1,1.49975841830978,0,0,0,1.49975841830978
1817049,"Acer barbinerve",7.4,6.1,1,1,329.56,351.07,20,1,1,5.1655565765289,0,0,0,5.1655565765289
1619053,"Acer barbinerve",5.03,4.8,1,1,372.73,319.48,20,1,1,2.38542052808848,0,0,0,2.38542052808848
2519047,"Acer barbinerve",1.422,NA,1,0,374.27,484.16,20,1,1,0.981091887989791,0,0,0,0.981091887989791
908200,"Acer barbinerve",2.36,2.34,1,1,142.9,160.1,20,1,1,2.14676994908658,0,0,0,2.14676994908658
908201,"Acer barbinerve",1.55,1.4,1,1,143.8,176.3,20,1,1,2.02809219136239,0,0,0,2.02809219136239
201024,"Acer barbinerve",2.33,3.66,1,1,2.78,34.12,20,1,1,0.448060814183582,0,0,0,0.448060814183582
2519055,"Acer barbinerve",2.483,2.4,1,1,377.36,481.56,20,1,1,0.6114069430863,0,0,0,0.6114069430863
2422045,"Acer barbinerve",7.7,8.7,1,1,437.9,478.7,20,1,1,1.83764604637176,0,0,0,1.83764604637176
908205,"Acer barbinerve",1.55,1.66,1,1,153.23,179.28,20,1,1,3.40197086028299,0,0,0,3.40197086028299
201032,"Acer barbinerve",2.42,2.92,1,1,9.4,37.38,20,1,1,0.466045540943114,0,0,0,0.466045540943114
324026,"Acer barbinerve",2.749,3.08,1,1,465.25,51,20,1,1,4.16163865557005,0,0,0,4.16163865557005
1619065,"Acer barbinerve",3.85,NA,1,0,372.45,304.15,20,1,1,2.56607731157666,0,0,0,2.56607731157666
615215,"Acer barbinerve",1.036,1.1,1,1,291,113.1,20,1,1,2.73166039414413,0,0,0,2.73166039414413
2023202,"Acer barbinerve",2.74,3.4,1,1,451,394.8,20,1,1,1.14231504975897,0,0,0,1.14231504975897
1619068,"Acer barbinerve",2.78,2.97,1,1,373.45,307.48,20,1,1,3.09315950323838,0,0,0,3.09315950323838
909006,"Acer barbinerve",2.2,NA,1,0,161.19,166.87,20,1,1,3.36630164268535,0,0,0,3.36630164268535
909007,"Acer barbinerve",1.8,NA,1,0,164.52,169.44,20,1,1,6.53394034886464,0,0,0,6.53394034886464
909008,"Acer barbinerve",1.9,2.05,1,1,165.03,169.71,20,1,1,6.39544491160256,0,0,0,6.39544491160256
1817209,"Acer barbinerve",2.75,3.18,1,1,328.14,347.51,20,1,1,4.0832313772766,0,0,0,4.0832313772766
715045,"Acer barbinerve",1.49,NA,1,0,293.6,121.35,20,1,1,2.08903555974413,0,0,0,2.08903555974413
813060,"Acer barbinerve",3.22,3.17,1,1,250.79,146.66,20,1,1,1.03447983472319,0,0,0,1.03447983472319
615224,"Acer barbinerve",2.073,2.08,1,1,291.12,107.35,20,1,1,1.597658800676,0,0,0,1.597658800676
1817214,"Acer barbinerve",1.938,2.1,1,1,327,356.5,20,1,1,4.8895322548721,0,0,0,4.8895322548721
1802227,"Acer barbinerve",2.276,1.9,1,1,29.33,351.6,20,1,1,0,0,0,0,0
1817216,"Acer barbinerve",1.706,2.13,1,1,329.78,351.69,20,1,1,13.9036927319828,0,0,0,13.9036927319828
909021,"Acer barbinerve",1.3,NA,1,0,166.24,178.82,20,1,1,4.40879642757057,0,0,0,4.40879642757057
909022,"Acer barbinerve",3.55,3.38,1,1,167.34,176.51,20,1,1,4.01371454335501,0,0,0,4.01371454335501
909023,"Acer barbinerve",1.98,2.12,1,1,169.85,177.46,20,1,1,4.28946269618253,0,0,0,4.28946269618253
1619206,"Acer barbinerve",3.5,NA,1,0,367.68,312.85,20,1,1,3.40119971291427,0,0,0,3.40119971291427
1817222,"Acer barbinerve",1.002,1.03,1,1,331.2,347.1,20,1,1,4.64172865782122,0,0,0,4.64172865782122
909028,"Acer barbinerve",1.9,1.95,1,1,173.34,170.43,20,1,1,8.61500951878742,0,0,0,8.61500951878742
909029,"Acer barbinerve",3.35,NA,1,0,172.51,170.05,20,1,1,8.5549668796761,0,0,0,8.5549668796761
421044,"Acer barbinerve",1.607,1.6,1,1,414.66,73.48,20,1,1,1.44566594736459,0,0,0,1.44566594736459
1817227,"Acer barbinerve",1.446,1.61,1,1,339.3,342,20,1,1,3.13889840399107,0,0,0,3.13889840399107
2116205,"Acer barbinerve",2.378,2.5,1,1,311.15,410.84,20,1,1,0.0995986404656305,0,0,0,0.0995986404656305
716012,"Acer barbinerve",1.96,1.9,1,1,309.46,129.63,20,1,1,1.53252198589264,0,0,0,1.53252198589264
1712040,"Acer barbinerve",3.088,3.6,1,1,235.61,336.28,20,1,1,1.19901909629315,0,0,0,1.19901909629315
616026,"Acer barbinerve",2.287,2.52,1,1,305.28,118.16,20,1,1,15.9141889864573,0,0,0,15.9141889864573
616027,"Acer barbinerve",2.045,2.64,1,1,307.92,119.43,20,1,1,3.45121407580224,0,0,0,3.45121407580224
104069,"Acer barbinerve",2.9,2.9,1,1,71.21,9.26,20,1,1,1.647910822979,0,0,0,1.647910822979
421055,"Acer barbinerve",1.663,1.72,1,1,417.72,70.55,20,1,1,1.81024929413562,0,0,0,1.81024929413562
1620014,"Acer barbinerve",2.29,2.35,1,1,386.73,300,20,1,1,1.42734341339564,0,0,0,1.42734341339564
909048,"Acer barbinerve",2.6,2.87,1,1,172.81,169.48,20,1,1,9.31356699322416,0,0,0,9.31356699322416
104077,"Acer barbinerve",3.5,3.3,1,1,75.56,3.79,20,1,1,1.51298186338298,0,0,0,1.51298186338298
104079,"Acer barbinerve",1.6,1.41,1,1,78.11,2.52,20,1,1,2.05253197796103,0,0,0,2.05253197796103
1818025,"Acer barbinerve",2.041,2.5,1,1,341.92,352.78,20,1,1,2.7509067030964,0,0,0,2.7509067030964
421063,"Acer barbinerve",1.455,1.56,1,1,411,67.35,20,1,1,1.21670268054336,0,0,0,1.21670268054336
1825008,"Acer barbinerve",2.502,3,1,1,488.2,347.9,20,1,1,0.669635094897862,0,0,0,0.669635094897862
2423037,"Acer barbinerve",2.32,3.4,1,1,453.5,473.7,20,1,1,3.73196085451669,0,0,0,3.73196085451669
1219028,"Acer barbinerve",4.243,4.4,1,1,372.32,234.63,20,1,1,2.95390671728327,0,0,0,2.95390671728327
1818035,"Acer barbinerve",2.08,2.74,1,1,352.84,350.93,20,1,1,2.62208237342298,0,0,0,2.62208237342298
910004,"Acer barbinerve",2.23,2.28,1,1,181.1,165.53,20,1,1,2.73787988946319,0,0,0,2.73787988946319
408017,"Acer barbinerve",2.898,2.9,1,1,149.85,60.8,20,1,1,1.39343153854105,0,0,0,1.39343153854105
910010,"Acer barbinerve",1.47,NA,1,0,189.6,169.3,20,1,1,2.66296390590699,0,0,0,2.66296390590699
1818050,"Acer barbinerve",3.053,4.5,1,1,354.52,343.18,20,1,1,3.68337601705941,0,0,0,3.68337601705941
910012,"Acer barbinerve",2.71,NA,1,0,194.2,160.98,20,1,1,4.26552630916128,0,0,0,4.26552630916128
910013,"Acer barbinerve",1.5,NA,1,0,193.8,161.21,20,1,1,6.75761517549639,0,0,0,6.75761517549639
1620035,"Acer barbinerve",2.53,2.29,1,1,391.8,316.15,20,1,1,3.56291371184195,0,0,0,3.56291371184195
2423048,"Acer barbinerve",2.4,2.4,1,1,456,475.6,20,1,1,3.20705606762006,0,0,0,3.20705606762006
325013,"Acer barbinerve",3.482,3.8,1,1,482.8,57.5,20,1,1,11.112591119201,0,0,10.9657038631765,0.146887256024471
616060,"Acer barbinerve",4.458,4.23,1,1,316.26,106.41,20,1,1,0.680569575402206,0,0,0,0.680569575402206
910023,"Acer barbinerve",1.39,1.64,1,1,186.15,174.4,20,1,1,2.87242098759142,0,0,0,2.87242098759142
2423051,"Acer barbinerve",3.1,NA,1,0,455.1,471.5,20,1,1,2.73172919143959,0,0,0,2.73172919143959
1125019,"Acer barbinerve",2.095,2.3,1,1,488,202.5,20,1,1,0.295437000664102,0,0,0,0.295437000664102
1620044,"Acer barbinerve",4.17,4.65,1,1,399.6,317.74,20,1,1,11.5762446398377,0,0,0,11.5762446398377
2024203,"Acer barbinerve",1.6,2.07,1,1,468.8,381.2,20,1,1,1.33613216644966,0,0,0,1.33613216644966
2024204,"Acer barbinerve",2.32,2.4,1,1,464.1,395.5,20,1,1,0.707843397850813,0,0,0,0.707843397850813
910030,"Acer barbinerve",3.25,3.8,1,1,193.16,172.14,20,1,1,1.90070322261315,0,0,0,1.90070322261315
504057,"Acer barbinerve",2.63,1.46,1,1,71.94,83.45,20,1,1,4.90447078352695,0,0,0,4.90447078352695
1620049,"Acer barbinerve",2.96,2.95,1,1,397.7,312.7,20,1,1,4.8510041234439,0,0,0,4.8510041234439
910034,"Acer barbinerve",2.48,2.54,1,1,190,175.4,20,1,1,2.66164157234282,0,0,0,2.66164157234282
716057,"Acer barbinerve",1.28,NA,1,0,319.01,122.84,20,1,1,1.35161380348657,0,0,0,1.35161380348657
1818213,"Acer barbinerve",1.223,1.36,1,1,348.4,343,20,1,1,3.69218551008445,0,0,0,3.69218551008445
616209,"Acer barbinerve",4.103,4.1,1,1,305.16,118.45,20,1,1,9.98970421172457,0,0,0,9.98970421172457
616210,"Acer barbinerve",1.234,1.25,1,1,304.7,117,20,1,1,6.16065472853127,0,0,0,6.16065472853127
1508213,"Acer barbinerve",1.63,1.58,1,1,152.51,284.2,20,1,1,3.06578180963354,0,0,0,3.06578180963354
113032,"Acer barbinerve",2.36,2.4,1,1,257.57,19.23,20,1,1,3.22287553606012,0,0,0,3.22287553606012
1620062,"Acer barbinerve",5.2,5.4,1,1,398.5,300.5,20,1,1,2.38772846748453,0,0,0,2.38772846748453
1713011,"Acer barbinerve",2.065,2.18,1,1,243.24,329.3,20,1,1,3.72051972857896,0,0,0,3.72051972857896
1713012,"Acer barbinerve",1.823,1.85,1,1,244.1,328.3,20,1,1,3.97535614531206,0,0,0,3.97535614531206
1818221,"Acer barbinerve",2.119,2.11,1,1,357.24,350.57,20,1,1,3.68401123097141,0,0,0,3.68401123097141
422017,"Acer barbinerve",1.936,1.95,1,1,421.9,72.3,20,1,1,1.64426127835004,0,0,0,1.64426127835004
105037,"Acer barbinerve",3.06,NA,1,0,80.08,11.3,20,1,1,1.71350516174793,0,0,0,1.71350516174793
1818224,"Acer barbinerve",1.238,1.96,1,1,350.8,345.5,20,1,1,3.49331013922009,0,0,0,3.49331013922009
1220009,"Acer barbinerve",1.431,NA,1,0,383.4,233.8,20,1,1,0.799606767467929,0,0,0,0.799606767467929
422023,"Acer barbinerve",2.228,2.4,1,1,427.6,79.7,20,1,1,1.46692196243475,0,0,0,1.46692196243475
1818229,"Acer barbinerve",2.085,2.24,1,1,359.68,349.6,20,1,1,3.8081991736365,0,0,0,3.8081991736365
1718205,"Acer barbinerve",3.245,3.3,1,1,347.63,324.73,20,1,1,6.19430979097474,0,0,0,6.19430979097474
105045,"Acer barbinerve",2.95,2.82,1,1,82.1,18.12,20,1,1,1.67333802132845,0,0,0,1.67333802132845
1818232,"Acer barbinerve",2.548,2.82,1,1,359.38,340.7,20,1,1,4.42033739414056,0,0,0,4.42033739414056
1125204,"Acer barbinerve",1.126,NA,1,0,488.5,214.2,20,1,1,0.314064737512748,0,0,0,0.314064737512748
1819001,"Acer barbinerve",1.793,1.9,1,1,361.06,341.86,20,1,1,4.96304973758143,0,0,0,4.96304973758143
1125206,"Acer barbinerve",1.712,2.5,1,1,496.4,204.3,20,1,1,0.332770087648595,0,0,0,0.332770087648595
2210022,"Acer barbinerve",4.04,4.9,1,1,187.6,438.13,20,1,1,0.593958136187629,0,0,0,0.593958136187629
1621014,"Acer barbinerve",4.4,5.25,1,1,405.58,306.96,20,1,1,4.69943381013059,0,0,0,4.69943381013059
2521044,"Acer barbinerve",1.7,1.9,1,1,408.2,498.4,20,1,1,0.318803270821696,0,0,0,0.318803270821696
422037,"Acer barbinerve",3.211,3.5,1,1,431.1,78.2,20,1,1,1.2165103712822,0,0,0,1.2165103712822
911021,"Acer barbinerve",3.1,NA,1,0,207.76,175.63,20,1,1,0.568323166738224,0,0,0,0.568323166738224
1220024,"Acer barbinerve",1.201,NA,1,0,398.4,238.3,20,1,1,0.399414659344513,0,0,0,0.399414659344513
2118003,"Acer barbinerve",1.513,1.6,1,1,342.68,404.63,20,1,1,0.308691729182158,0,0,0,0.308691729182158
1621021,"Acer barbinerve",3.14,3.8,1,1,408.7,309.55,20,1,1,7.92237333450003,0,0,0,7.92237333450003
1408026,"Acer barbinerve",2.396,2.35,1,1,146.56,271.04,20,1,1,4.65334945643956,0,0,0,4.65334945643956
1408027,"Acer barbinerve",2.075,1.94,1,1,146.09,271.08,20,1,1,5.33078472666481,0,0,0,5.33078472666481
401012,"Acer barbinerve",1.525,1.99,1,1,0.22,64.68,20,1,1,0.151850458941945,0,0,0,0.151850458941945
1713049,"Acer barbinerve",3.334,NA,1,0,250.62,336.61,20,1,1,3.14503292138089,0,0,0,3.14503292138089
422047,"Acer barbinerve",2.256,2.4,1,1,436.9,71.4,20,1,1,1.59345334461382,0,0,0,1.59345334461382
1621029,"Acer barbinerve",2.15,NA,1,0,401.1,311.9,20,1,1,5.44028880476694,0,0,0,5.44028880476694
1713052,"Acer barbinerve",1.394,1.7,1,1,254.39,339.09,20,1,1,6.85458425076917,0,0,0,6.85458425076917
2307044,"Acer barbinerve",1.28,NA,1,0,135.78,453.14,20,1,1,0.150583113935782,0,0,0,0.150583113935782
1819055,"Acer barbinerve",3.427,3.7,1,1,372.32,359.04,20,1,1,2.15318779003903,0,0,0,2.15318779003903
1713056,"Acer barbinerve",3.679,NA,1,0,256.09,337.99,20,1,1,4.04266726755358,0,0,0,4.04266726755358
1621036,"Acer barbinerve",3.97,NA,1,0,400.1,317.65,20,1,1,11.990431229903,0,0,0,11.990431229903
2424043,"Acer barbinerve",1.67,1.65,1,1,475.5,467.5,20,1,1,1.19459363228239,0,0,0,1.19459363228239
816003,"Acer barbinerve",2.4,2.34,1,1,304.42,142.78,20,1,1,0.752764270267365,0,0,0,0.752764270267365
1918204,"Acer barbinerve",2.92,3.3,1,1,345.57,377.53,20,1,1,1.45070979251145,0,0,0,1.45070979251145
1913006,"Acer barbinerve",3.28,3.2,1,1,240.9,366.05,20,1,1,0,0,0,0,0
401029,"Acer barbinerve",2.016,2.44,1,1,1.2,77.92,20,1,1,0.114867038634159,0,0,0,0.114867038634159
1621044,"Acer barbinerve",3.15,3.35,1,1,409.05,319.3,20,1,1,4.30537127506442,0,0,0,4.30537127506442
1819070,"Acer barbinerve",4.718,NA,1,0,372.08,340.65,20,1,1,2.17839223173053,0,0,0,2.17839223173053
1713065,"Acer barbinerve",6.023,6.1,1,1,254.04,323.85,20,1,1,3.47967887203918,0,0,0,3.47967887203918
1713066,"Acer barbinerve",1.532,NA,1,0,254.92,326.23,20,1,1,5.65886845277347,0,0,0,5.65886845277347
105211,"Acer barbinerve",3.93,4.4,1,1,96.6,16.14,20,1,1,5.14744930856427,0,0,0,5.14744930856427
618001,"Acer barbinerve",3.579,3.8,1,1,343.34,101.73,20,1,1,0.150991501009408,0,0,0,0.150991501009408
1819202,"Acer barbinerve",2.557,NA,1,0,361.67,343.6,20,1,1,4.2219464709179,0,0,0,4.2219464709179
106003,"Acer barbinerve",1.75,NA,1,0,103.17,7.79,20,1,1,6.44169897379812,0,0,0,6.44169897379812
106011,"Acer barbinerve",3.29,3.44,1,1,103.42,12.17,20,1,1,11.1270265764661,0,0,0,11.1270265764661
106012,"Acer barbinerve",2.53,NA,1,0,103.59,13.13,20,1,1,14.724995380375,0,0,0,14.724995380375
106014,"Acer barbinerve",3.23,3.5,1,1,102.87,13.47,20,1,1,12.4581930540621,0,0,0,12.4581930540621
106016,"Acer barbinerve",3.21,3.65,1,1,105,14.19,20,1,1,10.7592947108446,0,0,0,10.7592947108446
1111020,"Acer barbinerve",1.493,NA,1,0,204.68,213.77,20,1,1,2.55500539236288,0,0,0,2.55500539236288
106019,"Acer barbinerve",2.81,2.83,1,1,102.59,19.39,20,1,1,10.609407488503,0,0,0,10.609407488503
106020,"Acer barbinerve",3.52,3.8,1,1,104.27,18.78,20,1,1,19.8317818978162,0,0,0,19.8317818978162
106021,"Acer barbinerve",4.86,5.2,1,1,104.81,18.43,20,1,1,23.1248651252954,0,0,0,23.1248651252954
106022,"Acer barbinerve",2.06,NA,1,0,105.2,18.1,20,1,1,27.8140164198633,0,0,0,27.8140164198633
106024,"Acer barbinerve",3.44,4.5,1,1,105.37,18.7,20,1,1,23.2611835361741,0,0,0,23.2611835361741
106026,"Acer barbinerve",2.48,NA,1,0,106.84,16.1,20,1,1,10.6170077594976,0,0,0,10.6170077594976
1819217,"Acer barbinerve",2.248,2.5,1,1,379.08,357.43,20,1,1,2.28113808904836,0,0,0,2.28113808904836
1819218,"Acer barbinerve",1.964,NA,1,0,378.45,353.32,20,1,1,2.47252685878277,0,0,0,2.47252685878277
2521201,"Acer barbinerve",1.7,1.7,1,1,407.4,485.5,20,1,1,0.579886583011034,0,0,0,0.579886583011034
1713210,"Acer barbinerve",2.134,2.4,1,1,255.12,339.25,20,1,1,6.33007645363325,0,0,0,6.33007645363325
1713211,"Acer barbinerve",4.475,NA,1,0,252.77,325.99,20,1,1,4.40363614880917,0,0,0,4.40363614880917
106043,"Acer barbinerve",2.63,2.79,1,1,113.86,4.33,20,1,1,2.91971188938409,0,0,0,2.91971188938409
1621200,"Acer barbinerve",1.8,2.7,1,1,403.95,302.35,20,1,1,4.19171163854662,0,0,0,4.19171163854662
2425032,"Acer barbinerve",3.33,3.3,1,1,490.8,478.3,20,1,1,2.65581691720656,0,0,0,2.65581691720656
2425033,"Acer barbinerve",1.86,NA,1,0,492,479.6,20,1,1,3.61555645697244,0,0,0,3.61555645697244
816064,"Acer barbinerve",2.41,2.38,1,1,318.66,143.23,20,1,1,0.673997195923174,0,0,0,0.673997195923174
1621204,"Acer barbinerve",1.9,3.2,1,1,408.5,309,20,1,1,10.1646089448453,0,0,0,10.1646089448453
1819227,"Acer barbinerve",1.009,1.2,1,1,375.1,342.5,20,1,1,3.03038351333158,0,0,0,3.03038351333158
2425038,"Acer barbinerve",2.48,NA,1,0,496.8,473.6,20,1,1,1.34919073719778,0,0,0,1.34919073719778
2119004,"Acer barbinerve",1.853,2.1,1,1,361.65,405.05,20,1,1,1.76144462755789,0,1.44236174971582,0,0.319082877842064
1221071,"Acer barbinerve",1.608,1.55,1,1,412.9,223.2,20,1,1,2.57251698354586,0,0,0,2.57251698354586
106202,"Acer barbinerve",1.77,1.76,1,1,104.17,7.02,20,1,1,6.00671511800065,0,0,0,6.00671511800065
402009,"Acer barbinerve",2.424,2.89,1,1,29.15,66.82,20,1,1,4.70736552014756,0,0,0,4.70736552014756
2522009,"Acer barbinerve",2.11,2.1,1,1,424.1,487.3,20,1,1,1.53722957746175,0,0,0,1.53722957746175
423200,"Acer barbinerve",1.044,NA,1,0,456.5,67.9,20,1,1,2.02616759075417,0,0,0,2.02616759075417
2425046,"Acer barbinerve",1.4,1.4,1,1,492.3,464.8,20,1,1,1.24784136065441,0,0,0,1.24784136065441
1221202,"Acer barbinerve",2.772,2.94,1,1,407.1,236,20,1,1,0.247886861151758,0,0,0,0.247886861151758
1820015,"Acer barbinerve",1.382,1.7,1,1,385.07,358.6,20,1,1,2.1199305941069,0,0,0,2.1199305941069
106209,"Acer barbinerve",2.51,NA,1,0,105.83,18.17,20,1,1,20.5499423921478,0,0,0,20.5499423921478
1008062,"Acer barbinerve",1.44,1.42,1,1,157.19,193.66,20,1,1,0.888735964168577,0,0,0,0.888735964168577
1622002,"Acer barbinerve",4.28,4.6,1,1,422.52,301.83,20,1,1,2.65115255616866,0,0,0,2.65115255616866
1008067,"Acer barbinerve",1.6,NA,1,0,153.51,180.58,20,1,1,3.33942057882087,0,0,0,3.33942057882087
1820022,"Acer barbinerve",1.973,NA,1,0,387.14,351.28,20,1,1,2.13691673074813,0,0,0,2.13691673074813
205001,"Acer barbinerve",2.04,2.8,1,1,83.7,22.4,20,1,1,1.4886562810759,0,0,0,1.4886562810759
1622008,"Acer barbinerve",2.33,NA,1,0,420,307.63,20,1,1,3.73482264751522,0,0,0,3.73482264751522
1008075,"Acer barbinerve",1.48,1.51,1,1,156.52,183.37,20,1,1,2.4472385471701,0,0,0,2.4472385471701
2119033,"Acer barbinerve",3.451,3.4,1,1,364.52,419.18,20,1,1,5.68442401651498,0,5.5559087709161,0,0.128515245598882
1622014,"Acer barbinerve",3.93,NA,1,0,431.53,303.9,20,1,1,2.67706590891397,0,0,0,2.67706590891397
1622015,"Acer barbinerve",3.21,3.5,1,1,432.36,301.16,20,1,1,2.71936101122471,0,0,0,2.71936101122471
402035,"Acer barbinerve",3.216,3.35,1,1,30.78,71.39,20,1,1,10.6893137199214,0,0,0,10.6893137199214
402036,"Acer barbinerve",3.817,3.55,1,1,30.85,70.75,20,1,1,9.60157994800586,0,0,0,9.60157994800586
619009,"Acer barbinerve",1.319,1.6,1,1,366.76,107.28,20,1,1,1.7224262369431,0,0,0,1.7224262369431
402039,"Acer barbinerve",2.851,2.94,1,1,32.16,75.21,20,1,1,15.365538537072,0,0,0,15.365538537072
2522040,"Acer barbinerve",1.05,NA,1,0,420.4,492.9,20,1,1,0.742682079980184,0,0,0,0.742682079980184
107012,"Acer barbinerve",1.77,NA,1,0,125.54,15.96,20,1,1,2.74428247681314,0,0,0,2.74428247681314
619014,"Acer barbinerve",2.38,2.9,1,1,369.63,103.06,20,1,1,1.11002013776898,0,0,0,1.11002013776898
402051,"Acer barbinerve",3.34,3.38,1,1,30.95,60.13,20,1,1,3.91896810276725,0,0,0,3.91896810276725
817029,"Acer barbinerve",4.22,4.6,1,1,328.92,153.85,20,1,1,1.21866947380865,0,0,0,1.21866947380865
402053,"Acer barbinerve",3.4,4.33,1,1,34.84,60.45,20,1,1,9.52647051799251,0,0,0,9.52647051799251
1714066,"Acer barbinerve",2.043,2.05,1,1,274.63,339.8,20,1,1,1.76160877644913,0,0,0,1.76160877644913
424030,"Acer barbinerve",1.858,2.01,1,1,478.7,77.4,20,1,1,30.0957666773037,0,3.72590880855989,26.3698578687438,0
107022,"Acer barbinerve",2.3,2.38,1,1,134.87,10.57,20,1,1,3.3266862926113,0,0,0,3.3266862926113
1820206,"Acer barbinerve",1.036,1,1,1,389,353.8,20,1,1,2.20315450833434,0,0,0,2.20315450833434
1714073,"Acer barbinerve",4.246,4.27,1,1,277.2,331.63,20,1,1,1.03116296708964,0,0,0,1.03116296708964
1315213,"Acer barbinerve",1.102,1.2,1,1,295.6,240.8,20,1,1,0.450291099605096,0,0,0,0.450291099605096
107028,"Acer barbinerve",3.3,3.22,1,1,136.47,19.99,20,1,1,2.84416020379158,0,0,0,2.84416020379158
913001,"Acer barbinerve",4.1,3.95,1,1,240.43,160.26,20,1,1,4.724359980213,0,0,0,4.724359980213
1622045,"Acer barbinerve",1.72,1.69,1,1,433.9,313,20,1,1,4.26934440678384,0,0,0,4.26934440678384
913004,"Acer barbinerve",1.74,1.82,1,1,240.66,164.02,20,1,1,3.75990531633085,0,0,0,3.75990531633085
402204,"Acer barbinerve",1.071,1.45,1,1,22.2,64.9,20,1,1,2.78145920505892,0,0,0,2.78145920505892
1622052,"Acer barbinerve",6.12,6.8,1,1,430.4,316.1,20,1,1,3.59747637506653,0,0,0,3.59747637506653
1820216,"Acer barbinerve",2.182,2.6,1,1,399.42,347.87,20,1,1,3.66246384770553,0,0,0,3.66246384770553
913009,"Acer barbinerve",2.24,2.62,1,1,246.37,166.46,20,1,1,4.38850022023952,0,0,0,4.38850022023952
1820219,"Acer barbinerve",2.111,2.2,1,1,398.21,348.8,20,1,1,2.66790605970589,0,0,0,2.66790605970589
1820221,"Acer barbinerve",1.158,1.15,1,1,398.1,343.3,20,1,1,1.54745413150808,0,0,0,1.54745413150808
107042,"Acer barbinerve",2.53,NA,1,0,136.68,1.29,20,1,1,2.4779625714426,0,0,0,2.4779625714426
913015,"Acer barbinerve",3.7,NA,1,0,245.34,177.5,20,1,1,1.94065705481958,0,0,0,1.94065705481958
107202,"Acer barbinerve",4.75,4,1,1,128.77,14.84,20,1,1,2.20078805279804,0,0,0,2.20078805279804
619052,"Acer barbinerve",6.075,NA,1,0,378.56,115.31,20,1,1,0.57528299892823,0,0,0,0.57528299892823
719202,"Acer barbinerve",2.77,3.1,1,1,360.98,138.97,20,1,1,0,0,0,0,0
2316048,"Acer barbinerve",3.08,3.2,1,1,306.12,450.28,20,1,1,3.61993481212154,0,0,0,3.61993481212154
402217,"Acer barbinerve",3.428,NA,1,0,32.22,74.65,20,1,1,11.5350494043323,0,0,0,11.5350494043323
402218,"Acer barbinerve",2.23,2.79,1,1,31.88,75.5,20,1,1,14.4344065634954,0,0,0,14.4344065634954
1222210,"Acer barbinerve",1.459,1.59,1,1,433.34,221.58,20,1,1,1.23247043980248,0,0,0,1.23247043980248
2522202,"Acer barbinerve",1.57,NA,1,0,428,489.4,20,1,1,1.34317191858747,0,0,0,1.34317191858747
913032,"Acer barbinerve",4.38,NA,1,0,253.06,162.55,20,1,1,4.28856053820768,0,0,0,4.28856053820768
913033,"Acer barbinerve",2.44,2.55,1,1,251.85,167.13,20,1,1,4.26170087752377,0,0,0,4.26170087752377
402223,"Acer barbinerve",1.982,NA,1,0,39.4,71.3,20,1,1,5.79881454384867,0,0,0,5.79881454384867
1714219,"Acer barbinerve",3.307,3.58,1,1,276.2,336.26,20,1,1,1.5303853774067,0,0,0,1.5303853774067
108008,"Acer barbinerve",3.54,3.7,1,1,146,8.7,20,1,1,11.8502968477836,0,0,0,11.8502968477836
921063,"Acer barbinerve",2.56,NA,1,0,412.7,169.4,20,1,1,1.11995712316926,0,0,0,1.11995712316926
108010,"Acer barbinerve",2.53,2.68,1,1,148.6,7.9,20,1,1,8.13229442291338,0,0,0,8.13229442291338
913041,"Acer barbinerve",2.51,2.75,1,1,257.16,164.36,20,1,1,4.19487548374577,0,0,0,4.19487548374577
108012,"Acer barbinerve",1.9,2.09,1,1,147.8,7.4,20,1,1,9.13323828525433,0,0,0,9.13323828525433
402230,"Acer barbinerve",2.803,2.88,1,1,35.29,60.57,20,1,1,10.7417106874565,0,0,0,10.7417106874565
619074,"Acer barbinerve",1.751,NA,1,0,375.55,104.01,20,1,1,1.15334369683414,0,0,0,1.15334369683414
913045,"Acer barbinerve",2.02,NA,1,0,255.19,160.61,20,1,1,4.64761542227179,0,0,0,4.64761542227179
913200,"Acer barbinerve",3.36,NA,1,0,246.34,169.8,20,1,1,3.52734004680292,0,0,0,3.52734004680292
913201,"Acer barbinerve",2.04,2.85,1,1,247.5,162.5,20,1,1,4.33168963705199,0,0,0,4.33168963705199
403007,"Acer barbinerve",5.342,5.8,1,1,40.88,68.35,20,1,1,4.50528384569637,0,0,0,4.50528384569637
619202,"Acer barbinerve",1.057,NA,1,0,365.4,108.2,20,1,1,1.72644481286704,0,0,0,1.72644481286704
1316208,"Acer barbinerve",1.183,1.4,1,1,304.8,240.8,20,1,1,0.782089286461419,0,0,0,0.782089286461419
1009214,"Acer barbinerve",3.05,3.13,1,1,175.26,183.65,20,1,1,1.91643132711474,0,0,0,1.91643132711474
206014,"Acer barbinerve",2.6,NA,1,0,113.52,33.73,20,1,1,1.49513627847256,0,0,0,1.49513627847256
108024,"Acer barbinerve",3.28,3.3,1,1,142.25,18.4,20,1,1,3.7543687000591,0,0,0,3.7543687000591
1622214,"Acer barbinerve",2.25,2.58,1,1,430,319.55,20,1,1,4.8369831502789,0,0,0,4.8369831502789
2523005,"Acer barbinerve",4.86,4.85,1,1,448.8,488.9,20,1,1,8.50017766691012,0,0,0,8.50017766691012
914004,"Acer barbinerve",2.2,2.35,1,1,261.75,165.96,20,1,1,2.79555456036469,0,0,0,2.79555456036469
2523006,"Acer barbinerve",3.11,3.3,1,1,449.2,489.3,20,1,1,11.7043550988526,0,0,0,11.7043550988526
720051,"Acer barbinerve",1.75,NA,1,0,399.12,127.47,20,1,1,1.09487332060542,0,0,0,1.09487332060542
116037,"Acer barbinerve",2.4,2.34,1,1,311.84,12.95,20,1,1,7.87663185506239,0,0,0,7.87663185506239
914009,"Acer barbinerve",3.64,3.6,1,1,267.28,166.78,20,1,1,2.0708462176847,0,0,0,2.0708462176847
108034,"Acer barbinerve",2.49,NA,1,0,151.55,13.5,20,1,1,5.31244103286986,0,0,0,5.31244103286986
108035,"Acer barbinerve",1.39,1.24,1,1,151.73,12.15,20,1,1,6.4313012062619,0,0,0,6.4313012062619
403028,"Acer barbinerve",3.147,3.32,1,1,49.6,71.4,20,1,1,2.3427290641005,0,0,0,2.3427290641005
206200,"Acer barbinerve",2.65,3.1,1,1,106.76,26.58,20,1,1,4.1634456113074,0,0,0,4.1634456113074
108038,"Acer barbinerve",1.22,NA,1,0,154.3,15.75,20,1,1,3.94171383503557,0,0,0,3.94171383503557
720207,"Acer barbinerve",2.43,NA,1,0,394.23,138.45,20,1,1,2.0014862860561,0,0,0,2.0014862860561
2523018,"Acer barbinerve",2.3,2,1,1,453.7,490.8,20,1,1,5.68708688998706,0,0,0,5.68708688998706
2523019,"Acer barbinerve",3.34,NA,1,0,451.1,496.7,20,1,1,5.57910805745222,0,0,0,5.57910805745222
2523020,"Acer barbinerve",3.29,3.6,1,1,452.2,496.8,20,1,1,5.6806176554144,0,0,0,5.6806176554144
108043,"Acer barbinerve",1.92,2.03,1,1,151.8,4.7,20,1,1,7.26943325634655,0,0,0,7.26943325634655
108044,"Acer barbinerve",1.92,2.41,1,1,152.1,5.3,20,1,1,7.65484625013558,0,0,0,7.65484625013558
1821204,"Acer barbinerve",1.391,NA,1,0,400.18,348.15,20,1,1,4.23613304891317,0,0,0,4.23613304891317
1010033,"Acer barbinerve",4.17,4.69,1,1,194.15,195,20,1,1,1.97308816560094,0,0,0,1.97308816560094
1418024,"Acer barbinerve",6.5,6.8,1,1,348.96,274.51,20,1,1,3.60118340419281,0,0,0,3.60118340419281
108050,"Acer barbinerve",2.56,2.62,1,1,152.9,7.2,20,1,1,5.32334206056173,0,0,0,5.32334206056173
914033,"Acer barbinerve",3.49,3.8,1,1,278.25,178.57,20,1,1,4.32688942199978,0,0,0,4.32688942199978
914034,"Acer barbinerve",1.2,NA,1,0,275.32,178.2,20,1,1,5.34964338742632,0,0,0,5.34964338742632
2523030,"Acer barbinerve",2.76,2.7,1,1,455.5,492.3,20,1,1,4.809991859256,0,0,0,4.809991859256
1410217,"Acer barbinerve",1.272,1.48,1,1,193,272,20,1,1,0,0,0,0,0
1623033,"Acer barbinerve",5.41,5.5,1,1,452.1,319.5,20,1,1,3.13433095328648,0,0,0,3.13433095328648
721016,"Acer barbinerve",2.47,2.7,1,1,407.32,123.07,20,1,1,1.33431036436874,0,0,0,1.33431036436874
1822002,"Acer barbinerve",3.18,3.95,1,1,422.43,342.2,20,1,1,3.23791352513591,0,0,0,3.23791352513591
620030,"Acer barbinerve",1.994,NA,1,0,397.45,116.07,20,1,1,1.04419838098191,0,0,0,1.04419838098191
2310009,"Acer barbinerve",2.65,2.9,1,1,181.7,445.5,20,1,1,1.73934152248379,0,0,0,1.73934152248379
403204,"Acer barbinerve",2.788,2.84,1,1,42.25,70.9,20,1,1,5.23383233372437,0,0,0,5.23383233372437
1822008,"Acer barbinerve",4.539,5,1,1,426.44,341.4,20,1,1,4.89355125633637,0,0,0,4.89355125633637
1822010,"Acer barbinerve",3.669,3.8,1,1,424.36,350.5,20,1,1,3.64625196742153,0,0,0,3.64625196742153
1822012,"Acer barbinerve",4.804,5,1,1,422.68,352.8,20,1,1,4.0918665811577,0,0,0,4.0918665811577
2121032,"Acer barbinerve",5.163,5,1,1,413.5,411.7,20,1,1,1.62366308251122,0,0,0,1.62366308251122
2310021,"Acer barbinerve",2.76,NA,1,0,183.7,450.1,20,1,1,1.9469300779075,0,0,0,1.9469300779075
1107004,"Acer barbinerve",2.338,NA,1,0,124.76,204.84,20,1,1,0.71822347424226,0,0,0,0.71822347424226
1107005,"Acer barbinerve",1.961,2.4,1,1,122.88,206.82,20,1,1,0.856301113094545,0,0,0,0.856301113094545
1822024,"Acer barbinerve",2.006,2.2,1,1,421,358.6,20,1,1,2.37246139040189,0,0,0,2.37246139040189
1623203,"Acer barbinerve",1.3,1.42,1,1,448.1,308.9,20,1,1,3.18684675281014,0,0,0,3.18684675281014
2310027,"Acer barbinerve",3.36,2.3,1,1,180.37,457.9,20,1,1,1.23289038406498,0,0,0,1.23289038406498
1224016,"Acer barbinerve",4.098,4.3,1,1,466.3,225.3,20,1,1,0,0,0,0,0
1715057,"Acer barbinerve",2.293,2.3,1,1,299.06,330.62,20,1,1,0.890033552179795,0,0,0,0.890033552179795
1010208,"Acer barbinerve",2.18,2.36,1,1,193.1,194.1,20,1,1,3.52101336612198,0,0,0,3.52101336612198
109029,"Acer barbinerve",2.33,2.71,1,1,174.86,15.66,20,1,1,0.996458192781258,0,0,0,0.996458192781258
1623210,"Acer barbinerve",3.52,3.47,1,1,452.1,314.1,20,1,1,3.33451655670889,0,0,0,3.33451655670889
1623211,"Acer barbinerve",4,NA,1,0,459.5,311.8,20,1,1,4.3252967508666,0,0,0,4.3252967508666
2310036,"Acer barbinerve",1.75,1.72,1,1,188.85,456.7,20,1,1,2.6194844399789,0,0,0,2.6194844399789
915008,"Acer barbinerve",1.6,1.58,1,1,286.15,165.9,20,1,1,3.45489398171103,0,0,0,3.45489398171103
2121051,"Acer barbinerve",1.508,NA,1,0,412.7,404.6,20,1,1,2.61102503141451,0,0,0,2.61102503141451
2524008,"Acer barbinerve",2.19,2.3,1,1,460.8,485.7,20,1,1,6.7259338900831,0,0,0,6.7259338900831
2524009,"Acer barbinerve",3.19,3.5,1,1,461.7,485.7,20,1,1,5.52935102393582,0,0,0,5.52935102393582
501205,"Acer barbinerve",2.22,NA,1,0,16.14,95.75,20,1,1,0,0,0,0,0
915014,"Acer barbinerve",1.9,1.92,1,1,288.7,163.8,20,1,1,2.88128196524027,0,0,0,2.88128196524027
2121060,"Acer barbinerve",2.153,NA,1,0,410.7,407.8,20,1,1,2.40196670502998,0,0,0,2.40196670502998
2310046,"Acer barbinerve",2.57,2.7,1,1,192.8,458.1,20,1,1,4.02197997108699,0,0,0,4.02197997108699
2310047,"Acer barbinerve",2.37,2.4,1,1,192.9,459.3,20,1,1,4.25494579706899,0,0,0,4.25494579706899
2310048,"Acer barbinerve",1.35,1.31,1,1,194.42,458.7,20,1,1,4.1429064080288,0,0,0,4.1429064080288
1624016,"Acer barbinerve",4.2,NA,1,0,461.5,319.7,20,1,1,23.5868310496774,0,0,0,23.5868310496774
1822200,"Acer barbinerve",1.183,3,1,1,426.3,341.9,20,1,1,11.4166367380542,0,0,0,11.4166367380542
1822202,"Acer barbinerve",2.397,2.8,1,1,421.47,353.8,20,1,1,5.01780142392982,0,0,0,5.01780142392982
109200,"Acer barbinerve",3.48,3.5,1,1,160.44,2.24,20,1,1,2.38640654022119,0,0,0,2.38640654022119
915030,"Acer barbinerve",2.82,NA,1,0,288.1,172,20,1,1,3.97174382114457,0,0,0,3.97174382114457
109203,"Acer barbinerve",1.26,1.96,1,1,162.3,0.07,20,1,1,2.8853775278769,0,0,0,2.8853775278769
208013,"Acer barbinerve",2.13,2.1,1,1,143.03,25.15,20,1,1,2.6602998145553,0,0,0,2.6602998145553
621015,"Acer barbinerve",2.914,NA,1,0,408.96,107.45,20,1,1,3.60700731763179,0,0,0,3.60700731763179
2524027,"Acer barbinerve",4.2,NA,1,0,469.9,499.7,20,1,1,3.93209232747554,0,0,0,3.93209232747554
2524028,"Acer barbinerve",3.71,3.7,1,1,468.1,498.7,20,1,1,3.91069615798636,0,0,0,3.91069615798636
915037,"Acer barbinerve",2.49,NA,1,0,296.3,179.1,20,1,1,6.68066668885333,0,0,0,6.68066668885333
405006,"Acer barbinerve",1.611,1.73,1,1,86.1,66.65,20,1,1,1.44963200298965,0,0,0,1.44963200298965
110005,"Acer barbinerve",1.9,NA,1,0,180.95,0.13,20,1,1,3.29724430979818,0,0,0,3.29724430979818
110006,"Acer barbinerve",1.43,1.63,1,1,181.08,0.76,20,1,1,4.05702632639193,0,0,0,4.05702632639193
2524034,"Acer barbinerve",2.08,NA,1,0,472.2,499.2,20,1,1,3.43480581415588,0,0,0,3.43480581415588
110010,"Acer barbinerve",2.99,2.76,1,1,186.75,0.5,20,1,1,1.33295394195436,0,0,0,1.33295394195436
915049,"Acer barbinerve",5.4,5.6,1,1,296.3,167,20,1,1,3.53608499342728,0,0,0,3.53608499342728
110015,"Acer barbinerve",2.13,2.35,1,1,181.45,16.26,20,1,1,1.42348276252631,0,0,0,1.42348276252631
915051,"Acer barbinerve",4.3,NA,1,0,299.5,161.2,20,1,1,3.38418206723488,0,0,0,3.38418206723488
110018,"Acer barbinerve",1.79,1.64,1,1,187.55,14.3,20,1,1,1.54986888270123,0,0,0,1.54986888270123
208037,"Acer barbinerve",5.46,NA,1,0,158,39.7,20,1,1,0.442941732216381,0,0,0,0.442941732216381
1624205,"Acer barbinerve",3.4,3.7,1,1,461.3,311.4,20,1,1,4.65668584910904,0,0,0,4.65668584910904
1823010,"Acer barbinerve",6.782,NA,1,0,449.5,343.2,20,1,1,0.889956539285405,0,0,0,0.889956539285405
621047,"Acer barbinerve",1.465,1.57,1,1,419.12,112.24,20,1,1,2.60732819351279,0,0,0,2.60732819351279
2524047,"Acer barbinerve",1.83,1.8,1,1,474.1,486.4,20,1,1,2.45648435232238,0,0,0,2.45648435232238
915207,"Acer barbinerve",1.9,1.86,1,1,297.1,179.43,20,1,1,7.40866466209666,0,0,0,7.40866466209666
915208,"Acer barbinerve",3.14,NA,1,0,298.5,177,20,1,1,4.87913634242588,0,0,0,4.87913634242588
110028,"Acer barbinerve",3.64,3.86,1,1,199.1,11.8,20,1,1,1.8338112112115,0,0,0,1.8338112112115
208045,"Acer barbinerve",4.61,NA,1,0,157.6,29.3,20,1,1,1.15077097997719,0,0,0,1.15077097997719
1624213,"Acer barbinerve",2.6,2.9,1,1,477.4,306.3,20,1,1,1.05298975764735,0,0,0,1.05298975764735
110032,"Acer barbinerve",1.68,1.51,1,1,195.35,6.74,20,1,1,2.30003868215952,0,0,0,2.30003868215952
2408005,"Acer barbinerve",1.67,2.05,1,1,141.35,462.73,20,1,1,0.115416997507665,0,0,0,0.115416997507665
2122003,"Acer barbinerve",4.453,5.1,1,1,424.2,401.3,20,1,1,2.47949599814673,0,0,0,2.47949599814673
405035,"Acer barbinerve",2.983,2.84,1,1,91.7,67.45,20,1,1,3.67289419347501,0,0,0,3.67289419347501
405036,"Acer barbinerve",1.769,NA,1,0,91.85,66.65,20,1,1,5.17453959600177,0,0,0,5.17453959600177
1624220,"Acer barbinerve",3.26,3.2,1,1,479,317.9,20,1,1,1.81759724378843,0,0,0,1.81759724378843
405041,"Acer barbinerve",1.688,NA,1,0,99.2,60.5,20,1,1,2.29223336947706,0,0,0,2.29223336947706
820034,"Acer barbinerve",3.46,NA,1,0,395.4,140.82,20,1,1,1.62598402117034,0,0,0,1.62598402117034
820201,"Acer barbinerve",3.84,3.9,1,1,389.35,143.5,20,1,1,0.962140574280754,0,0,0,0.962140574280754
621200,"Acer barbinerve",2.372,NA,1,0,408.47,106.73,20,1,1,4.18287648906221,0,0,0,4.18287648906221
1916072,"Acer barbinerve",3.39,3.4,1,1,315.42,370.15,20,1,1,1.38568016707147,0,0,0,1.38568016707147
621202,"Acer barbinerve",5.321,NA,1,0,417.51,115.35,20,1,1,1.49378818549001,0,0,0,1.49378818549001
722036,"Acer barbinerve",6.15,6.4,1,1,439.6,130.64,20,1,1,0.777570779312686,0,0,0,0.777570779312686
2311032,"Acer barbinerve",1.61,1.65,1,1,214.35,451.92,20,1,1,2.10014327878368,0,0,0,2.10014327878368
916033,"Acer barbinerve",1.36,NA,1,0,305.58,171.02,20,1,1,6.97722334853821,0,0,0,6.97722334853821
916034,"Acer barbinerve",1.42,1.41,1,1,305.64,170.56,20,1,1,6.88426666734317,0,0,0,6.88426666734317
916035,"Acer barbinerve",1.5,1.57,1,1,313.66,171.45,20,1,1,5.06305761823314,0,0,0,5.06305761823314
2524211,"Acer barbinerve",2.79,NA,1,0,479.25,480.25,20,1,1,1.86708470244226,0,0,0,1.86708470244226
1624233,"Acer barbinerve",4.15,4.2,1,1,461.5,319.9,20,1,1,23.8281122855295,0,0,0,23.8281122855295
1823049,"Acer barbinerve",5.028,5.3,1,1,458,354.9,20,1,1,1.9871158000891,0,0,0,1.9871158000891
111013,"Acer barbinerve",1.42,NA,1,0,207.35,5.05,20,1,1,5.60987104999858,0,0,0,5.60987104999858
111017,"Acer barbinerve",3.9,NA,1,0,207.45,4.02,20,1,1,3.19594092517156,0,0,0,3.19594092517156
406014,"Acer barbinerve",3.732,4,1,1,104.85,77.25,20,1,1,3.23318177791137,0,0,0,3.23318177791137
406015,"Acer barbinerve",2.075,2.17,1,1,106.15,78.85,20,1,1,4.37545286254426,0,0,0,4.37545286254426
406016,"Acer barbinerve",3.058,3.4,1,1,107.98,78.1,20,1,1,3.31090091673368,0,0,0,3.31090091673368
2525005,"Acer barbinerve",2.57,2.6,1,1,482,484.8,20,1,1,2.1990993054416,0,0,0,2.1990993054416
916049,"Acer barbinerve",5.25,5.9,1,1,312.57,163.24,20,1,1,4.75319696132616,0,0,0,4.75319696132616
916050,"Acer barbinerve",2.03,3.8,1,1,313.53,163.84,20,1,1,7.63251659854386,0,0,0,7.63251659854386
307031,"Acer barbinerve",2.078,2.2,1,1,139.09,49.72,20,1,1,0.334411105060698,0,0,0,0.334411105060698
916053,"Acer barbinerve",3.42,3.5,1,1,313.89,169.51,20,1,1,4.17703811638323,0,0,0,4.17703811638323
722202,"Acer barbinerve",2.34,2.6,1,1,422.23,129.69,20,1,1,0.940048155145854,0,0,0,0.940048155145854
2103204,"Acer barbinerve",1.183,1.4,1,1,41,409.4,20,1,1,1.47551147009697,0,0,0,1.47551147009697
503040,"Acer barbinerve",3.28,2.89,1,1,50.6,98.75,20,1,1,0.284317075989904,0,0,0,0.284317075989904
1204055,"Acer barbinerve",1.783,2.08,1,1,74.74,226.59,20,1,1,0,0,0,0,0
2122200,"Acer barbinerve",1.823,1.9,1,1,420.5,404.3,20,1,1,3.04864605775532,0,0,0,3.04864605775532
209041,"Acer barbinerve",3.13,3.4,1,1,178.78,39.88,20,1,1,0.171799311442987,0,0,0,0.171799311442987
1823205,"Acer barbinerve",1.843,2.5,1,1,444.2,357.9,20,1,1,1.49893333189655,0,0,0,1.49893333189655
406200,"Acer barbinerve",5.592,5.6,1,1,103.14,63.42,20,1,1,1.55594824473593,0,0,0,1.55594824473593
916201,"Acer barbinerve",2.7,NA,1,0,305.24,162.03,20,1,1,3.83303762016617,0,0,0,3.83303762016617
2103212,"Acer barbinerve",1.835,1.9,1,1,41,411.12,20,1,1,1.07722732478111,0,0,0,1.07722732478111
406204,"Acer barbinerve",1.412,NA,1,0,105.5,74.5,20,1,1,3.40040827655094,0,0,0,3.40040827655094
2312003,"Acer barbinerve",2.02,2.14,1,1,223.92,444.74,20,1,1,6.68604853220691,0,0,0,6.68604853220691
1012204,"Acer barbinerve",2.45,2.72,1,1,220.55,198.46,20,1,1,0.0580288019404034,0,0,0,0.0580288019404034
111073,"Acer barbinerve",3.9,4.3,1,1,213.98,0.2,20,1,1,1.9136819575671,0,0,0,1.9136819575671
503054,"Acer barbinerve",2.46,2.58,1,1,55,91.3,20,1,1,0.702359796253152,0,0,0,0.702359796253152
2103218,"Acer barbinerve",1.853,2.4,1,1,54.45,419.43,20,1,1,0.285586799302648,0,0,0,0.285586799302648
1823217,"Acer barbinerve",1.067,NA,1,0,455.4,353.8,20,1,1,3.26552471119255,0,0,0,3.26552471119255
2312012,"Acer barbinerve",3.15,3.2,1,1,224.57,447.58,20,1,1,7.35023685273339,0,0,0,7.35023685273339
2312013,"Acer barbinerve",2.28,2.3,1,1,223.74,448.71,20,1,1,7.17456953555287,0,0,0,7.17456953555287
2312015,"Acer barbinerve",1.76,1.87,1,1,229.32,448.74,20,1,1,9.60649083879292,0,0,0,9.60649083879292
917013,"Acer barbinerve",2.77,3,1,1,320.82,176.02,20,1,1,2.72202553286904,0,0,0,2.72202553286904
1625033,"Acer barbinerve",1.49,1.49,1,1,484.4,318,20,1,1,1.98128069983267,0,0,0,1.98128069983267
2312016,"Acer barbinerve",2.48,2.54,1,1,225.92,444.71,20,1,1,8.55406577884139,0,0,0,8.55406577884139
622055,"Acer barbinerve",2.485,2.9,1,1,439.4,118.1,20,1,1,2.03399265858924,0,0,0,2.03399265858924
917019,"Acer barbinerve",2.74,3,1,1,326.98,175.48,20,1,1,4.68700065826991,0,0,0,4.68700065826991
917021,"Acer barbinerve",2.05,2.07,1,1,326.46,174.38,20,1,1,5.07070877099143,0,0,0,5.07070877099143
2312027,"Acer barbinerve",2.01,3.1,1,1,225.11,450.2,20,1,1,6.54392807111482,0,0,0,6.54392807111482
111211,"Acer barbinerve",3.01,3.1,1,1,213.25,7.1,20,1,1,2.47838684357526,0,0,0,2.47838684357526
1717018,"Acer barbinerve",1.828,2.3,1,1,326.26,324.55,20,1,1,1.32725145180582,0,0,0,1.32725145180582
1625044,"Acer barbinerve",5.88,5.8,1,1,499.3,317.8,20,1,1,1.33801454054598,0,0,0,1.33801454054598
622065,"Acer barbinerve",4.638,4.7,1,1,431.9,108,20,1,1,1.09782821881752,0,0,0,1.09782821881752
1917032,"Acer barbinerve",2.87,2.8,1,1,323.16,371.74,20,1,1,2.43689170146627,0,0,0,2.43689170146627
2011033,"Acer barbinerve",2.33,NA,1,0,206.1,390.2,20,1,1,0,0,0,0,0
1413037,"Acer barbinerve",1.549,1.57,1,1,255.87,279.4,20,1,1,0.497319047421673,0,0,0,0.497319047421673
917038,"Acer barbinerve",3.6,3.7,1,1,338.62,164.33,20,1,1,4.37242652272665,0,0,0,4.37242652272665
112006,"Acer barbinerve",2.44,2.38,1,1,220.87,7.24,20,1,1,2.40517634600007,0,0,0,2.40517634600007
112007,"Acer barbinerve",1.6,1.86,1,1,222.94,7.18,20,1,1,2.81151185189922,0,0,0,2.81151185189922
917040,"Acer barbinerve",2.07,1.76,1,1,338.22,163.31,20,1,1,5.73800942185297,0,0,0,5.73800942185297
2312042,"Acer barbinerve",2.05,NA,1,0,239.38,454.34,20,1,1,3.8520298845659,0,0,0,3.8520298845659
2525061,"Acer barbinerve",2.43,2.45,1,1,492.5,482.7,20,1,1,2.16748387154381,0,0,0,2.16748387154381
1211059,"Acer barbinerve",1.714,1.8,1,1,216.12,222.5,20,1,1,1.20660549253446,0,0,0,1.20660549253446
917202,"Acer barbinerve",2.62,3.1,1,1,325.43,177.42,20,1,1,3.61527145536649,0,0,0,3.61527145536649
1717046,"Acer barbinerve",1.463,1.4,1,1,326.12,330.86,20,1,1,1.15893166554533,0,0,0,1.15893166554533
407033,"Acer barbinerve",2.236,2.35,1,1,133.92,64.05,20,1,1,0.926782246071535,0,0,0,0.926782246071535
1014005,"Acer barbinerve",1.9,2.23,1,1,266.25,189.04,20,1,1,1.78829384425478,0,0,0,1.78829384425478
112019,"Acer barbinerve",2.46,NA,1,0,226.43,15.46,20,1,1,1.33547340627569,0,0,0,1.33547340627569
918002,"Acer barbinerve",2.67,NA,1,0,342.72,161.37,20,1,1,2.76726342243736,0,0,0,2.76726342243736
2312054,"Acer barbinerve",4.81,5.3,1,1,230.27,449.28,20,1,1,6.34279120233353,0,0,0,6.34279120233353
1625072,"Acer barbinerve",2.92,3.5,1,1,496,304.8,20,1,1,1.01097578253441,0,0,0,1.01097578253441
2312059,"Acer barbinerve",3.34,NA,1,0,237.08,446.34,20,1,1,3.97375012128154,0,0,0,3.97375012128154
1917054,"Acer barbinerve",3.32,3.1,1,1,329.72,371.07,20,1,1,2.7642124444406,0,0,0,2.7642124444406
821209,"Acer barbinerve",5.58,5.85,1,1,418.9,159.7,20,1,1,1.14195402918478,0,0,0,1.14195402918478
2312200,"Acer barbinerve",4.17,NA,1,0,227.61,444.56,20,1,1,9.85277302687218,0,0,0,9.85277302687218
112030,"Acer barbinerve",2.25,NA,1,0,239.22,15.33,20,1,1,1.36942719869224,0,0,0,1.36942719869224
2312202,"Acer barbinerve",3.67,NA,1,0,228.32,444.12,20,1,1,9.69252185206823,0,0,0,9.69252185206823
407205,"Acer barbinerve",1.927,NA,1,0,127.22,73.76,20,1,1,0.692788530467019,0,0,0,0.692788530467019
407206,"Acer barbinerve",2.062,2.8,1,1,139.12,78.69,20,1,1,0.734845933343174,0,0,0,0.734845933343174
1014035,"Acer barbinerve",1.71,NA,1,0,270.45,199.64,20,1,1,1.15966140286899,0,0,0,1.15966140286899
2313002,"Acer barbinerve",1.89,2,1,1,242.7,442.1,20,1,1,3.07801284456328,0,0,0,3.07801284456328
1301203,"Acer barbinerve",2.977,3.1,1,1,5.84,240.32,20,1,1,0,0,0,0,0
1917072,"Acer barbinerve",3.02,3,1,1,338.04,370.78,20,1,1,3.49931318998511,0,0,0,3.49931318998511
112040,"Acer barbinerve",2.81,3.12,1,1,234.38,6.34,20,1,1,1.33422315080361,0,0,0,1.33422315080361
2123209,"Acer barbinerve",1.7,NA,1,0,451.6,401.4,20,1,1,0.90392705155384,0,0,0,0.90392705155384
918023,"Acer barbinerve",1.56,NA,1,0,348.33,165.56,20,1,1,2.82302533313903,0,0,0,2.82302533313903
1109202,"Acer barbinerve",2.637,2.8,1,1,168.92,204.1,20,1,1,0.362584879643282,0,0,0,0.362584879643282
2123214,"Acer barbinerve",2.75,NA,1,0,459.5,404.6,20,1,1,0.71068123633228,0,0,0,0.71068123633228
2320048,"Acer barbinerve",1.61,1.59,1,1,394.37,443.85,20,1,1,1.44946010324924,0,0,0,1.44946010324924
1924206,"Acer barbinerve",1.63,1.7,1,1,462.4,368.8,20,1,1,2.64018138115197,0,0,0,2.64018138115197
2313015,"Acer barbinerve",1.38,1.5,1,1,249.35,444.2,20,1,1,2.23032751258628,0,0,0,2.23032751258628
1014060,"Acer barbinerve",2.99,2.97,1,1,276.85,182.96,20,1,1,4.29963149873375,0,0,0,4.29963149873375
623028,"Acer barbinerve",2.94,3.14,1,1,442.1,114.8,20,1,1,2.00274403607496,0,0,0,2.00274403607496
623030,"Acer barbinerve",4.096,4.2,1,1,447.8,117.3,20,1,1,1.41139719580607,0,0,0,1.41139719580607
119205,"Acer barbinerve",1.56,1.88,1,1,367.8,17.9,20,1,1,7.95573778684391,0,0,0,7.95573778684391
1014203,"Acer barbinerve",1.15,1.71,1,1,262.1,189.1,20,1,1,1.50772310751307,0,0,0,1.50772310751307
918039,"Acer barbinerve",2.93,NA,1,0,349.36,173.32,20,1,1,10.0970664522649,0,0,0,10.0970664522649
918040,"Acer barbinerve",1.35,NA,1,0,349.26,173.16,20,1,1,18.4922853672189,0,0,0,18.4922853672189
1414032,"Acer barbinerve",2.599,2.89,1,1,260.75,277.53,20,1,1,0.296401386862705,0,0,0,0.296401386862705
1110008,"Acer barbinerve",2.753,NA,1,0,188.2,206.73,20,1,1,1.83986573340577,0,0,0,1.83986573340577
2313027,"Acer barbinerve",2.14,2.48,1,1,245.66,457.4,20,1,1,2.61212472903333,0,0,0,2.61212472903333
504043,"Acer barbinerve",1.85,1.9,1,1,74.69,99.56,20,1,1,0.358413389815267,0,0,0,0.358413389815267
408029,"Acer barbinerve",3.988,4,1,1,149.8,70.6,20,1,1,1.03179249050833,0,0,0,1.03179249050833
1917215,"Acer barbinerve",2.71,2.9,1,1,338.34,372.21,20,1,1,3.65657208278962,0,0,0,3.65657208278962
918048,"Acer barbinerve",3.28,3.5,1,1,346,173.96,20,1,1,3.30953427264361,0,0,0,3.30953427264361
1014214,"Acer barbinerve",1.5,1.59,1,1,272.8,194.3,20,1,1,2.30703887461743,0,0,0,2.30703887461743
2104207,"Acer barbinerve",1.233,1.3,1,1,66.6,416.7,20,1,1,0.401863942270136,0,0,0,0.401863942270136
1110020,"Acer barbinerve",2.331,2,1,1,182.76,215.63,20,1,1,1.42461180292224,0,0,0,1.42461180292224
504055,"Acer barbinerve",1.93,2.62,1,1,72.23,83.05,20,1,1,6.31910867119841,0,0,0,6.31910867119841
504056,"Acer barbinerve",1.47,NA,1,0,70.54,82.09,20,1,1,2.57965721175531,0,0,0,2.57965721175531
1022029,"Acer barbinerve",2.08,NA,1,0,430.64,184.22,20,1,1,3.34961499001082,0,0,0,3.34961499001082
1718010,"Acer barbinerve",3.627,3.8,1,1,346.56,326.88,20,1,1,5.54845046564317,0,0,0,5.54845046564317
918060,"Acer barbinerve",4.31,4.9,1,1,355.64,172.57,20,1,1,2.37634188064672,0,0,0,2.37634188064672
2104214,"Acer barbinerve",3.581,NA,1,0,73.27,404.22,20,1,1,0.265098888276936,0,0,0,0.265098888276936
1825050,"Acer barbinerve",3.182,NA,1,0,492.9,347.2,20,1,1,0.526532686183045,0,0,0,0.526532686183045
1014224,"Acer barbinerve",2.2,2.08,1,1,276.25,180.35,20,1,1,5.18075213443507,0,0,0,5.18075213443507
1508212,"Acer barbinerve",2.02,NA,1,0,153.08,283.74,20,1,1,2.53669248443495,0,0,0,2.53669248443495
1022039,"Acer barbinerve",2.8,2.7,1,1,437.75,189.8,20,1,1,3.72665595969615,0,0,0,3.72665595969615
2321009,"Acer barbinerve",1.69,1.66,1,1,405.3,440.5,20,1,1,1.02570576529393,0,0,0,1.02570576529393
918070,"Acer barbinerve",1.35,NA,1,0,354.96,168.64,20,1,1,3.13258823315605,0,0,0,3.13258823315605
408055,"Acer barbinerve",2.5,2.42,1,1,154.1,63.8,20,1,1,1.64656969386192,0,0,0,1.64656969386192
113036,"Acer barbinerve",2.66,2.76,1,1,250.96,1.24,20,1,1,2.05480500209929,0,0,0,2.05480500209929
2012040,"Acer barbinerve",1.93,2.12,1,1,230.79,396.83,20,1,1,0,0,0,0,0
2313203,"Acer barbinerve",2.28,NA,1,0,255.4,450.6,20,1,1,3.09138058360567,0,0,0,3.09138058360567
2313204,"Acer barbinerve",1.75,1.73,1,1,253.66,450.1,20,1,1,3.32293656734966,0,0,0,3.32293656734966
1015015,"Acer barbinerve",2.25,NA,1,0,281.76,190,20,1,1,3.5010325831361,0,0,0,3.5010325831361
1718202,"Acer barbinerve",4.422,4.8,1,1,345,324.72,20,1,1,5.0885431703425,0,0,0,5.0885431703425
2313207,"Acer barbinerve",1.43,1.65,1,1,255.5,454.45,20,1,1,3.07070092929349,0,0,0,3.07070092929349
918085,"Acer barbinerve",1.64,1.59,1,1,356.32,161.06,20,1,1,1.88477799847732,0,0,0,1.88477799847732
708014,"Acer barbinerve",1.97,2.2,1,1,145.75,121.4,20,1,1,0.712323523516664,0,0,0,0.712323523516664
1718206,"Acer barbinerve",1.543,NA,1,0,344.9,333.62,20,1,1,3.54625104336908,0,0,0,3.54625104336908
310029,"Acer barbinerve",2.787,2.71,1,1,190.1,51.5,20,1,1,0.830320613850763,0,0,0,0.830320613850763
113200,"Acer barbinerve",2.12,2.29,1,1,243.36,7.18,20,1,1,1.77986037716687,0,0,0,1.77986037716687
1415002,"Acer barbinerve",1.405,NA,1,0,282.45,261.06,20,1,1,1.78497141387407,0,0,0,1.78497141387407
113202,"Acer barbinerve",2.62,2.54,1,1,246.97,3.34,20,1,1,1.93159568291136,0,0,0,1.93159568291136
1808209,"Acer barbinerve",1.15,NA,1,0,140.7,353.7,20,1,1,0.43525667246951,0,0,0,0.43525667246951
1415007,"Acer barbinerve",2.309,2.32,1,1,285.57,267.12,20,1,1,0.820293672390662,0,0,0,0.820293672390662
2125011,"Acer barbinerve",2.22,2.2,1,1,484,411.9,20,1,1,0.453756031484157,0,0,0,0.453756031484157
1718214,"Acer barbinerve",2.146,NA,1,0,359.7,323.3,20,1,1,4.70487163317508,0,0,0,4.70487163317508
1718215,"Acer barbinerve",2.18,2.5,1,1,357.3,321.4,20,1,1,5.19757426294192,0,0,0,5.19757426294192
113208,"Acer barbinerve",2.29,2.41,1,1,255.28,7.36,20,1,1,2.45428928931233,0,0,0,2.45428928931233
1918027,"Acer barbinerve",2.85,NA,1,0,358.82,378.63,20,1,1,0.524749331626858,0,0,0,0.524749331626858
408214,"Acer barbinerve",1.475,2,1,1,156,62.2,20,1,1,1.84790813122628,0,0,0,1.84790813122628
1015041,"Acer barbinerve",2.6,2.53,1,1,293.7,184.34,20,1,1,6.97765532063051,0,0,0,6.97765532063051
1015043,"Acer barbinerve",2.9,2.92,1,1,291.2,186.7,20,1,1,4.78252684702472,0,0,0,4.78252684702472
211200,"Acer barbinerve",2.05,2.4,1,1,201.04,20.25,20,1,1,1.23991377318163,0,0,0,1.23991377318163
2314021,"Acer barbinerve",2.37,2.8,1,1,261.24,456.63,20,1,1,6.04901059009322,0,0,0,6.04901059009322
2314022,"Acer barbinerve",2.58,2.8,1,1,261.82,456.6,20,1,1,5.6696128983352,0,0,0,5.6696128983352
2125023,"Acer barbinerve",1.72,1.9,1,1,492.8,410.4,20,1,1,0.835460371534548,0,0,0,0.835460371534548
114012,"Acer barbinerve",1.29,1.23,1,1,264.2,1.15,20,1,1,2.6426640970719,0,0,0,2.6426640970719
505034,"Acer barbinerve",2.41,2.47,1,1,95.6,96.9,20,1,1,0,0,0,0,0
1015204,"Acer barbinerve",2.25,2.35,1,1,281.4,199.6,20,1,1,2.56731402148409,0,0,0,2.56731402148409
725047,"Acer barbinerve",1.3,NA,1,0,494,127.5,20,1,1,0,0,0,0,0
1015207,"Acer barbinerve",3.2,NA,1,0,290.4,191.55,20,1,1,3.41049534093854,0,0,0,3.41049534093854
1015208,"Acer barbinerve",2.7,2.75,1,1,293.6,185.3,20,1,1,6.9004491799117,0,0,0,6.9004491799117
1415028,"Acer barbinerve",3.26,3.9,1,1,295.28,271.17,20,1,1,0.859383730027757,0,0,0,0.859383730027757
1724067,"Acer barbinerve",1.82,NA,1,0,472.3,325,20,1,1,2.14431646936526,0,0,0,2.14431646936526
801001,"Acer barbinerve",3.89,4.4,1,1,1.25,140.82,20,1,1,0.543761634312866,0,0,0,0.543761634312866
114030,"Acer barbinerve",3.12,3.2,1,1,264.5,16.03,20,1,1,5.75322862350595,0,0,0,5.75322862350595
114032,"Acer barbinerve",1.75,2.18,1,1,261.52,17.94,20,1,1,4.3416272083711,0,0,0,4.3416272083711
2314043,"Acer barbinerve",2.9,2.8,1,1,273.12,448.03,20,1,1,1.07446301751582,0,0,0,1.07446301751582
1111010,"Acer barbinerve",2.655,NA,1,0,201,207.4,20,1,1,1.79278814207042,0,0,0,1.79278814207042
114039,"Acer barbinerve",3.04,3.4,1,1,266.98,19.52,20,1,1,6.6030897824812,0,0,0,6.6030897824812
2411017,"Acer barbinerve",2.32,2.3,1,1,202.52,464.55,20,1,1,0.939972960928631,0,0,0,0.939972960928631
1919007,"Acer barbinerve",2.9,3,1,1,367.77,366.08,20,1,1,1.4933957083348,0,0,0,1.4933957083348
2411020,"Acer barbinerve",1.75,1.9,1,1,203.6,475.15,20,1,1,0.413334425838577,0,0,0,0.413334425838577
1607013,"Acer barbinerve",2.36,2.6,1,1,128.72,301.54,20,1,1,0,0,0,0,0
416047,"Acer barbinerve",1.9,1.72,1,1,315.85,67.41,20,1,1,0.661726871752329,0,0,0,0.661726871752329
919200,"Acer barbinerve",1.49,1.42,1,1,360.13,179.39,20,1,1,1.81940852870879,0,0,0,1.81940852870879
2125048,"Acer barbinerve",2.41,NA,1,0,497.3,407.1,20,1,1,0.753559414643613,0,0,0,0.753559414643613
1415200,"Acer barbinerve",1.7,1.85,1,1,282.55,262.42,20,1,1,1.65465694989777,0,0,0,1.65465694989777
1708049,"Acer barbinerve",2.231,2.3,1,1,146.24,339.65,20,1,1,0.499220739253663,0,0,0,0.499220739253663
311017,"Acer barbinerve",2.917,2.83,1,1,203.77,54.57,20,1,1,1.05991966929036,0,0,0,1.05991966929036
1919024,"Acer barbinerve",1.79,NA,1,0,372.97,372.81,20,1,1,1.13918284720183,0,0,0,1.13918284720183
920004,"Acer barbinerve",1.31,1.32,1,1,380.58,164.8,20,1,1,1.04123208203134,0,0,0,1.04123208203134
625002,"Acer barbinerve",1.728,1.68,1,1,482.3,102,20,1,1,3.95604427762661,0,0,3.38728323699422,0.568761040632385
1303013,"Acer barbinerve",2.432,NA,1,0,47.9,247.6,20,1,1,1.91560243203595,0,0,0,1.91560243203595
2125056,"Acer barbinerve",1.57,1.6,1,1,498,401.7,20,1,1,0.740455574664316,0,0,0,0.740455574664316
1303015,"Acer barbinerve",1.753,1.8,1,1,46.6,246.7,20,1,1,2.2611727327524,0,0,0,2.2611727327524
625006,"Acer barbinerve",1.512,1.27,1,1,484.7,107,20,1,1,1.51143663191812,0,0,0,1.51143663191812
920011,"Acer barbinerve",3.04,2.75,1,1,384.1,175.83,20,1,1,2.22385760235251,0,0,0,2.22385760235251
410007,"Acer barbinerve",2.661,2.8,1,1,186.6,68.23,20,1,1,1.77414538642177,0,0,0,1.77414538642177
114074,"Acer barbinerve",2.46,2.44,1,1,278.45,0.3,20,1,1,1.44617703817945,0,0,0,1.44617703817945
920014,"Acer barbinerve",1.69,1.8,1,1,389.82,178.25,20,1,1,4.04898332040331,0,0,0,4.04898332040331
114202,"Acer barbinerve",2.3,2.82,1,1,266.33,3.47,20,1,1,2.70435358960739,0,0,0,2.70435358960739
114203,"Acer barbinerve",1.76,NA,1,0,269.2,3.57,20,1,1,2.7138439838951,0,0,0,2.7138439838951
920017,"Acer barbinerve",3.12,NA,1,0,387.18,174.9,20,1,1,2.55962501788743,0,0,0,2.55962501788743
114205,"Acer barbinerve",2.16,2.21,1,1,263.68,16.05,20,1,1,7.08416641511167,0,0,0,7.08416641511167
1901209,"Acer barbinerve",3.71,NA,1,0,5.39,367.17,20,1,1,0.841383062061257,0,0,0,0.841383062061257
920020,"Acer barbinerve",3.49,3.97,1,1,395,174.42,20,1,1,1.66280061770172,0,0,0,1.66280061770172
1303037,"Acer barbinerve",2.441,NA,1,0,46.33,257.8,20,1,1,1.10140821015535,0,0,0,1.10140821015535
114209,"Acer barbinerve",2.2,2.36,1,1,266.38,19.8,20,1,1,7.75710815222884,0,0,0,7.75710815222884
920023,"Acer barbinerve",2.21,2.66,1,1,390.93,178.22,20,1,1,3.4802491412072,0,0,0,3.4802491412072
410023,"Acer barbinerve",2.374,2.28,1,1,194.2,79.3,20,1,1,5.35927912394444,0,0,0,5.35927912394444
410025,"Acer barbinerve",2.187,NA,1,0,192.9,79.4,20,1,1,4.63837557352988,0,0,0,4.63837557352988
410027,"Acer barbinerve",1.907,1.82,1,1,195.7,77.9,20,1,1,8.11790573987291,0,0,0,8.11790573987291
410029,"Acer barbinerve",4.4,4.3,1,1,195.7,77,20,1,1,4.88024615831383,0,0,0,4.88024615831383
1901223,"Acer barbinerve",4.88,5,1,1,11.18,366.83,20,1,1,0.639658024640833,0,0,0,0.639658024640833
1303053,"Acer barbinerve",1.554,1.94,1,1,53.2,258.3,20,1,1,2.53904873413629,0,0,0,2.53904873413629
1920007,"Acer barbinerve",1.82,2.7,1,1,383.73,367.82,20,1,1,1.22867652517071,0,0,0,1.22867652517071
410034,"Acer barbinerve",3.372,4,1,1,199.8,70.2,20,1,1,3.33417154789513,0,0,0,3.33417154789513
212207,"Acer barbinerve",2.66,NA,1,0,235.8,39.27,20,1,1,0.235095050074659,0,0,0,0.235095050074659
920038,"Acer barbinerve",1.64,2.14,1,1,399.5,160.76,20,1,1,1.29416455815417,0,0,0,1.29416455815417
625200,"Acer barbinerve",1.632,1.86,1,1,483.4,107.4,20,1,1,1.42520500419239,0,0,0,1.42520500419239
507011,"Acer barbinerve",1.56,1.7,1,1,128.75,81.91,20,1,1,0.542539774704803,0,0,0,0.542539774704803
1208006,"Acer barbinerve",2.26,2.69,1,1,144.32,225.93,20,1,1,1.42722958455922,0,0,0,1.42722958455922
410040,"Acer barbinerve",2.84,3.5,1,1,196.1,66.15,20,1,1,2.9150532550342,0,0,0,2.9150532550342
1208009,"Acer barbinerve",2.193,2.2,1,1,143.96,229.94,20,1,1,2.10043900891091,0,0,0,2.10043900891091
1416049,"Acer barbinerve",1.388,1.43,1,1,310,261.64,20,1,1,1.23586513300738,0,0,0,1.23586513300738
1416050,"Acer barbinerve",2.784,3.01,1,1,310.68,266.53,20,1,1,1.29246128379847,0,0,0,1.29246128379847
115017,"Acer barbinerve",1.4,1.26,1,1,287.2,18.9,20,1,1,7.19853972153661,0,0,0,7.19853972153661
701013,"Acer barbinerve",1.89,2.66,1,1,0.5,130.24,20,1,1,0.570846916936286,0,0,0,0.570846916936286
115020,"Acer barbinerve",1,NA,1,0,288.9,17.9,20,1,1,7.593141341031,0,0,0,7.593141341031
1719215,"Acer barbinerve",1.671,1.89,1,1,370.81,335.45,20,1,1,2.65594703375201,0,0,0,2.65594703375201
2316008,"Acer barbinerve",3.21,3.4,1,1,301.28,449.85,20,1,1,1.94112240878856,0,0,0,1.94112240878856
115024,"Acer barbinerve",2.23,2.3,1,1,287.22,16.94,20,1,1,6.58899787685765,0,0,0,6.58899787685765
1208020,"Acer barbinerve",3.917,4.3,1,1,142.88,233.54,20,1,1,2.28217507981522,0,0,0,2.28217507981522
115026,"Acer barbinerve",1.92,2.07,1,1,286.2,14.1,20,1,1,5.83234971056828,0,0,0,5.83234971056828
115027,"Acer barbinerve",1.58,1.64,1,1,285.3,11.85,20,1,1,4.82132845415082,0,0,0,4.82132845415082
2316013,"Acer barbinerve",2.23,NA,1,0,306.74,447.54,20,1,1,3.45111881229032,0,0,0,3.45111881229032
1208023,"Acer barbinerve",1.879,NA,1,0,143.76,234.69,20,1,1,3.54410212089671,0,0,0,3.54410212089671
115031,"Acer barbinerve",2.05,2.3,1,1,292.9,12,20,1,1,7.0911114596351,0,0,0,7.0911114596351
115032,"Acer barbinerve",1.89,1.99,1,1,294.3,11.24,20,1,1,6.96116318521571,0,0,0,6.96116318521571
1416207,"Acer barbinerve",2.926,3.88,1,1,310.55,271.37,20,1,1,1.13164605547982,0,0,0,1.13164605547982
701030,"Acer barbinerve",1.39,1.4,1,1,17.72,134.22,20,1,1,1.16583381685636,0,0,0,1.16583381685636
411003,"Acer barbinerve",1.57,1.64,1,1,201.62,67.85,20,1,1,8.27360824810392,0,0,0,8.27360824810392
411004,"Acer barbinerve",1.865,2.2,1,1,201.77,67.52,20,1,1,7.4609712161157,0,0,0,7.4609712161157
115037,"Acer barbinerve",1.87,1.94,1,1,293.2,17.6,20,1,1,6.15500449103112,0,0,0,6.15500449103112
115039,"Acer barbinerve",1.43,1.5,1,1,295.62,19.5,20,1,1,6.12003925636027,0,0,0,6.12003925636027
801211,"Acer barbinerve",2.55,2.43,1,1,17.38,142.94,20,1,1,0.629008654076493,0,0,0,0.629008654076493
1303216,"Acer barbinerve",1.553,1.7,1,1,52.3,258.8,20,1,1,2.55401472885372,0,0,0,2.55401472885372
411012,"Acer barbinerve",1.856,NA,1,0,208.75,63.07,20,1,1,2.01966599998133,0,0,0,2.01966599998133
2412064,"Acer barbinerve",4.77,NA,1,0,239.78,461.18,20,1,1,1.83224073474458,0,0,0,1.83224073474458
1303219,"Acer barbinerve",1.675,1.96,1,1,55.17,252.3,20,1,1,1.28384768967278,0,0,0,1.28384768967278
1208046,"Acer barbinerve",1.508,2.1,1,1,155.36,239.42,20,1,1,0.811937000476269,0,0,0,0.811937000476269
213212,"Acer barbinerve",2.38,2.5,1,1,256.28,34.01,20,1,1,2.31897624601371,0,0,0,2.31897624601371
213213,"Acer barbinerve",1.65,NA,1,0,256.66,32.48,20,1,1,2.85336612518799,0,0,0,2.85336612518799
1303223,"Acer barbinerve",1.119,1.5,1,1,56.7,244,20,1,1,0.969473373005125,0,0,0,0.969473373005125
115056,"Acer barbinerve",1.83,NA,1,0,296.9,4.1,20,1,1,3.20242182206235,0,0,0,3.20242182206235
1017051,"Acer barbinerve",1.78,1.69,1,1,334.24,186.07,20,1,1,1.77582281896864,0,0,0,1.77582281896864
701207,"Acer barbinerve",1.87,2.3,1,1,14.5,135.36,20,1,1,1.11963374672356,0,0,0,1.11963374672356
1017053,"Acer barbinerve",1.58,1.82,1,1,335.51,188.24,20,1,1,1.51755824226362,0,0,0,1.51755824226362
417211,"Acer barbinerve",1.802,NA,1,0,337.67,72.91,20,1,1,0.430081762501063,0,0,0,0.430081762501063
1511037,"Acer barbinerve",1.77,NA,1,0,217.67,297.5,20,1,1,0.524263199492675,0,0,0,0.524263199492675
824040,"Acer barbinerve",3.92,4.12,1,1,468.7,150.7,20,1,1,0.408997946135088,0,0,0,0.408997946135088
508044,"Acer barbinerve",2.05,NA,1,0,158.45,94.6,20,1,1,0.313050206040322,0,0,0,0.313050206040322
115205,"Acer barbinerve",1.43,1.44,1,1,288.44,19.2,20,1,1,7.21677322595131,0,0,0,7.21677322595131
1417026,"Acer barbinerve",3.698,4,1,1,334.02,279.43,20,1,1,2.84612670422672,0,0,0,2.84612670422672
1112044,"Acer barbinerve",2.916,3,1,1,238.84,211.97,20,1,1,0.548123610343688,0,0,0,0.548123610343688
1024211,"Acer barbinerve",3.05,NA,1,0,479.3,181.2,20,1,1,2.51998594079984,0,0,0,2.51998594079984
2316063,"Acer barbinerve",3.14,3.1,1,1,314.84,458.62,20,1,1,2.49473799415283,0,0,0,2.49473799415283
1417031,"Acer barbinerve",1.64,1.95,1,1,339.13,275.11,20,1,1,4.92318485599121,0,0,0,4.92318485599121
304044,"Acer barbinerve",3.481,3.5,1,1,77.23,48.92,20,1,1,0.0812611193344776,0,0,0,0.0812611193344776
115212,"Acer barbinerve",1.96,1.9,1,1,291,9.2,20,1,1,10.393288750988,0,0,0,10.393288750988
115213,"Acer barbinerve",3.21,3.47,1,1,291.3,9.6,20,1,1,8.47246975278294,0,0,0,8.47246975278294
115215,"Acer barbinerve",2.3,NA,1,0,297,9.43,20,1,1,4.8763442044109,0,0,0,4.8763442044109
921200,"Acer barbinerve",2.85,2.8,1,1,416.25,161.85,20,1,1,2.03972508950537,0,0,0,2.03972508950537
2316070,"Acer barbinerve",4.43,5,1,1,318.25,454.35,20,1,1,4.51487505310245,0,0,0,4.51487505310245
2316071,"Acer barbinerve",4.19,4.5,1,1,318.76,452.78,20,1,1,4.48380568419301,0,0,0,4.48380568419301
1417043,"Acer barbinerve",3.028,NA,1,0,339.74,264.89,20,1,1,9.4743276934774,0,0,0,9.4743276934774
1417044,"Acer barbinerve",1.64,1.63,1,1,339.44,263.86,20,1,1,10.4700386233521,0,0,0,10.4700386233521
1112204,"Acer barbinerve",1.056,1.2,1,1,222,216.6,20,1,1,0.807468781662936,0,0,0,0.807468781662936
1209003,"Acer barbinerve",1.519,1.6,1,1,164.21,227.16,20,1,1,0.59613418617981,0,0,0,0.59613418617981
1921035,"Acer barbinerve",3.75,NA,1,0,414.6,377.9,20,1,1,0.973109378236211,0,0,0,0.973109378236211
1417204,"Acer barbinerve",1.987,2.39,1,1,328.1,268.4,20,1,1,5.84809021465465,0,0,0,5.84809021465465
1417205,"Acer barbinerve",1.626,NA,1,0,328.5,268.1,20,1,1,6.60463085850385,0,0,0,6.60463085850385
214215,"Acer barbinerve",2.16,2.22,1,1,271.3,32.13,20,1,1,2.10617161408173,0,0,0,2.10617161408173
1921042,"Acer barbinerve",2.47,2.8,1,1,415.6,374.25,20,1,1,1.11205045320875,0,0,0,1.11205045320875
2316202,"Acer barbinerve",1.27,1.3,1,1,306.35,449.12,20,1,1,5.66975951044265,0,0,0,5.66975951044265
1304047,"Acer barbinerve",4.193,4.6,1,1,77.31,258.72,20,1,1,0.142364421337985,0,0,0,0.142364421337985
1417210,"Acer barbinerve",1.25,1.34,1,1,331,274,20,1,1,3.46019641785947,0,0,0,3.46019641785947
214221,"Acer barbinerve",2.08,NA,1,0,273.48,24.5,20,1,1,3.04050581282018,0,0,0,3.04050581282018
2324033,"Acer barbinerve",2.74,2.8,1,1,472,440.5,20,1,1,2.49197359469615,0,0,0,2.49197359469615
116038,"Acer barbinerve",2.57,NA,1,0,311.04,12.56,20,1,1,7.84004946138207,0,0,0,7.84004946138207
116039,"Acer barbinerve",1.88,2.13,1,1,310.85,13.72,20,1,1,7.62152046350381,0,0,0,7.62152046350381
1418004,"Acer barbinerve",3.004,3.18,1,1,340.2,264.15,20,1,1,9.80488624798213,0,0,0,9.80488624798213
1418005,"Acer barbinerve",1.807,NA,1,0,340.94,266.53,20,1,1,7.46188162466119,0,0,0,7.46188162466119
922026,"Acer barbinerve",2.68,NA,1,0,434.4,175.6,20,1,1,9.14307593349434,0,0,0,9.14307593349434
922027,"Acer barbinerve",1.78,NA,1,0,434.4,176,20,1,1,11.5010371543658,0,0,0,11.5010371543658
215003,"Acer barbinerve",1.95,1.97,1,1,283.23,24.65,20,1,1,5.24953263054331,0,0,0,5.24953263054331
215004,"Acer barbinerve",2.65,3.3,1,1,284.6,23.6,20,1,1,5.39320715873309,0,0,0,5.39320715873309
313015,"Acer barbinerve",2.608,3.08,1,1,246.34,42.73,20,1,1,0.533213822988745,0,0,0,0.533213822988745
1418012,"Acer barbinerve",4.109,4.5,1,1,346.34,266.21,20,1,1,6.28180988777699,0,0,0,6.28180988777699
922035,"Acer barbinerve",1.24,NA,1,0,436.65,179.45,20,1,1,9.69896707975546,0,0,0,9.69896707975546
1418015,"Acer barbinerve",2.679,NA,1,0,340.49,271.17,20,1,1,5.23185474513547,0,0,0,5.23185474513547
1113027,"Acer barbinerve",3.369,3.7,1,1,250.42,214.36,20,1,1,0.471232486814747,0,0,0,0.471232486814747
412019,"Acer barbinerve",2.413,2.69,1,1,225.34,63.37,20,1,1,0.95395740503538,0,0,0,0.95395740503538
818201,"Acer barbinerve",1.31,2.1,1,1,343,149.2,20,1,1,1.05405151318997,0,0,0,1.05405151318997
412021,"Acer barbinerve",5.165,5,1,1,221.92,71.52,20,1,1,0.781231432324795,0,0,0,0.781231432324795
703025,"Acer barbinerve",1.94,NA,1,0,53.3,135.65,20,1,1,0.204855785141494,0,0,0,0.204855785141494
215017,"Acer barbinerve",1.89,2.13,1,1,287.7,33.2,20,1,1,4.36889775487627,0,0,0,4.36889775487627
215018,"Acer barbinerve",1.64,1.77,1,1,288.77,32.6,20,1,1,4.73194029021117,0,0,0,4.73194029021117
1209046,"Acer barbinerve",1.842,2.3,1,1,178.58,239.54,20,1,1,0.715200642770393,0,0,0,0.715200642770393
116077,"Acer barbinerve",1.8,1.8,1,1,317.68,0.73,20,1,1,4.23195242333319,0,0,0,4.23195242333319
215021,"Acer barbinerve",2.68,2.8,1,1,290.3,35.72,20,1,1,2.89602963751318,0,0,0,2.89602963751318
1209050,"Acer barbinerve",1.925,NA,1,0,175.22,234.61,20,1,1,1.21484424594738,0,0,0,1.21484424594738
1720210,"Acer barbinerve",4.324,NA,1,0,399.3,323.8,20,1,1,3.23224449915466,0,0,0,3.23224449915466
2221014,"Acer barbinerve",1.94,1.91,1,1,400.5,431,20,1,1,0.271861820223145,0,0,0,0.271861820223145
803033,"Acer barbinerve",1.96,NA,1,0,43.7,159.55,20,1,1,0.361121369640512,0,0,0,0.361121369640512
215026,"Acer barbinerve",3.12,3.5,1,1,296.7,30.24,20,1,1,4.27415401764333,0,0,0,4.27415401764333
1209058,"Acer barbinerve",1.683,NA,1,0,175.95,229.28,20,1,1,1.52375104714053,0,0,0,1.52375104714053
116207,"Acer barbinerve",1.24,1.2,1,1,300.78,16.26,20,1,1,5.1196021269234,0,0,0,5.1196021269234
412044,"Acer barbinerve",1.744,NA,1,0,229.58,75.68,20,1,1,2.65578194355995,0,0,0,2.65578194355995
412045,"Acer barbinerve",1.709,NA,1,0,229.39,76.57,20,1,1,2.66394709083952,0,0,0,2.66394709083952
2414012,"Acer barbinerve",1.96,2.02,1,1,268.23,466.68,20,1,1,1.2182839021258,0,0,0,1.2182839021258
116212,"Acer barbinerve",4.63,NA,1,0,319.22,13.81,20,1,1,4.53143255094164,0,0,0,4.53143255094164
215035,"Acer barbinerve",1.92,2.29,1,1,295.9,29.1,20,1,1,5.43498896419486,0,0,0,5.43498896419486
116214,"Acer barbinerve",2.31,2.3,1,1,316.02,10.36,20,1,1,4.7128382218326,0,0,0,4.7128382218326
1418200,"Acer barbinerve",2.3,NA,1,0,344.76,265.46,20,1,1,7.6250805622267,0,0,0,7.6250805622267
1418201,"Acer barbinerve",4.375,4.9,1,1,348.22,262.83,20,1,1,4.25448859469098,0,0,0,4.25448859469098
1418202,"Acer barbinerve",4.613,NA,1,0,343.43,278.29,20,1,1,3.87587909983544,0,0,0,3.87587909983544
116220,"Acer barbinerve",1.47,NA,1,0,317.59,3.45,20,1,1,4.60023407287888,0,0,0,4.60023407287888
2317063,"Acer barbinerve",3.47,3.6,1,1,331.78,441.99,20,1,1,1.53030802284782,0,0,0,1.53030802284782
116222,"Acer barbinerve",2.1,2.14,1,1,319.08,1.78,20,1,1,4.52938070181618,0,0,0,4.52938070181618
215043,"Acer barbinerve",2.95,3.1,1,1,297.9,22.06,20,1,1,5.08171464809484,0,0,0,5.08171464809484
1305012,"Acer barbinerve",1.81,1.6,1,1,86.27,249.7,20,1,1,0.329797800370261,0,0,0,0.329797800370261
1019043,"Acer barbinerve",1.78,1.84,1,1,360.56,197.55,20,1,1,0.311279543721965,0,0,0,0.311279543721965
2317070,"Acer barbinerve",1.97,NA,1,0,338.99,449.16,20,1,1,1.99447249468397,0,0,0,1.99447249468397
117008,"Acer barbinerve",1.12,1.44,1,1,322.74,3.08,20,1,1,5.35036153969908,0,0,0,5.35036153969908
117009,"Acer barbinerve",1.99,2.09,1,1,323.46,2.32,20,1,1,4.32369758768569,0,0,0,4.32369758768569
1210006,"Acer barbinerve",2.266,2.8,1,1,184.4,225.98,20,1,1,2.42836972333513,0,0,0,2.42836972333513
216003,"Acer barbinerve",2.42,2.6,1,1,304.04,24.61,20,1,1,4.0610924298918,0,0,0,4.0610924298918
803202,"Acer barbinerve",1.33,NA,1,0,41.6,151.8,20,1,1,0.45466908705825,0,0,0,0.45466908705825
922203,"Acer barbinerve",2.65,2.05,1,1,437.6,179,20,1,1,9.40545403345914,0,0,0,9.40545403345914
922204,"Acer barbinerve",2.05,2.72,1,1,437,178.7,20,1,1,10.6051529668949,0,0,0,10.6051529668949
2317202,"Acer barbinerve",2.89,3.4,1,1,322.56,457.78,20,1,1,2.52961771378517,0,0,0,2.52961771378517
606207,"Acer barbinerve",2.574,3.14,1,1,111.28,116.64,20,1,1,0,0,0,0,0
117030,"Acer barbinerve",3.1,NA,1,0,334.86,10.76,20,1,1,4.59560426921977,0,0,0,4.59560426921977
216013,"Acer barbinerve",2.55,3.2,1,1,309.05,20.73,20,1,1,3.41175048821003,0,0,0,3.41175048821003
1721059,"Acer barbinerve",2.301,NA,1,0,415,326.7,20,1,1,3.77190220039035,0,0,0,3.77190220039035
2414053,"Acer barbinerve",4.28,4.4,1,1,272.68,460.75,20,1,1,0.98719424903022,0,0,0,0.98719424903022
923011,"Acer barbinerve",3.88,3.85,1,1,449.2,162.9,20,1,1,4.86345930074281,0,0,0,4.86345930074281
923013,"Acer barbinerve",2.67,NA,1,0,442.1,173.3,20,1,1,9.22774883180257,0,0,0,9.22774883180257
923014,"Acer barbinerve",3.45,3.08,1,1,443.7,174.4,20,1,1,12.2336407863256,0,0,0,12.2336407863256
923016,"Acer barbinerve",3.69,3.74,1,1,444.6,174.9,20,1,1,11.964643684749,0,0,0,11.964643684749
1019073,"Acer barbinerve",1.08,NA,1,0,374.27,188.21,20,1,1,1.42456629354613,0,0,0,1.42456629354613
923020,"Acer barbinerve",3.16,4.14,1,1,444.8,179.1,20,1,1,9.78165175565537,0,0,0,9.78165175565537
923021,"Acer barbinerve",5.31,5.6,1,1,444.1,178,20,1,1,9.07007999911889,0,0,0,9.07007999911889
2318005,"Acer barbinerve",2.07,2.1,1,1,344.83,446.44,20,1,1,4.27870951340061,0,0,0,4.27870951340061
923024,"Acer barbinerve",2.83,3.01,1,1,446,172.6,20,1,1,15.1579042347094,0,0,0,15.1579042347094
923025,"Acer barbinerve",5.8,5.55,1,1,446.5,172.1,20,1,1,10.2389561042234,0,0,0,10.2389561042234
2108028,"Acer barbinerve",2.835,NA,1,0,153.36,414.97,20,1,1,0,0,0,0,0
704047,"Acer barbinerve",2.41,2.4,1,1,70.74,135.33,20,1,1,1.262612200224,0,0,0,1.262612200224
1019208,"Acer barbinerve",1.46,NA,1,0,367.8,181.46,20,1,1,1.1471512249964,0,0,0,1.1471512249964
1419038,"Acer barbinerve",1.59,1.62,1,1,377.66,278.62,20,1,1,0.826193385224803,0,0,0,0.826193385224803
117204,"Acer barbinerve",3.41,NA,1,0,321.42,13.52,20,1,1,4.76177329919562,0,0,0,4.76177329919562
2318025,"Acer barbinerve",2.95,3.1,1,1,344.27,457.34,20,1,1,5.95827171804655,0,0,0,5.95827171804655
923040,"Acer barbinerve",2.19,NA,1,0,454.1,165,20,1,1,5.64392077477524,0,0,0,5.64392077477524
923041,"Acer barbinerve",3.26,3.24,1,1,455.6,162.9,20,1,1,4.89847002994642,0,0,0,4.89847002994642
1721213,"Acer barbinerve",2.274,NA,1,0,411,321.8,20,1,1,4.16349581262006,0,0,0,4.16349581262006
1019215,"Acer barbinerve",1.39,NA,1,0,372.95,185.8,20,1,1,1.4000219436544,0,0,0,1.4000219436544
704067,"Acer barbinerve",3.72,4.5,1,1,73.23,125.41,20,1,1,1.15724386540215,0,0,0,1.15724386540215
1210051,"Acer barbinerve",3.362,4.1,1,1,191.84,223.7,20,1,1,9.26925425143995,0,0,0,9.26925425143995
1210053,"Acer barbinerve",2.555,2.73,1,1,191.82,224.1,20,1,1,11.2679962497725,0,0,0,11.2679962497725
1210054,"Acer barbinerve",2.175,NA,1,0,195,223.6,20,1,1,4.19935282267999,0,0,0,4.19935282267999
117215,"Acer barbinerve",2.04,4.2,1,1,333.02,3.36,20,1,1,4.87193987638349,0,0,0,4.87193987638349
923207,"Acer barbinerve",4,3.93,1,1,452.6,162.7,20,1,1,5.08346490987993,0,0,0,5.08346490987993
117217,"Acer barbinerve",3.9,4.3,1,1,335.45,5.96,20,1,1,5.13804302990911,0,0,0,5.13804302990911
2222203,"Acer barbinerve",1.65,1.16,1,1,426.23,422.94,20,1,1,0.397509831703223,0,0,0,0.397509831703223
1419201,"Acer barbinerve",2.336,2.9,1,1,361.24,262.98,20,1,1,1.7791812508954,0,0,0,1.7791812508954
1419202,"Acer barbinerve",1.014,1.31,1,1,366.7,268,20,1,1,1.96346322174465,0,0,0,1.96346322174465
117221,"Acer barbinerve",2.3,2.37,1,1,336.32,2.07,20,1,1,4.71162545016628,0,0,0,4.71162545016628
1419204,"Acer barbinerve",1.952,1.99,1,1,361.23,271.71,20,1,1,2.21190167582138,0,0,0,2.21190167582138
704209,"Acer barbinerve",5.2,NA,1,0,75.93,131.25,20,1,1,1.07511891538093,0,0,0,1.07511891538093
2318200,"Acer barbinerve",2.75,2.6,1,1,344.22,447.18,20,1,1,3.66079231199651,0,0,0,3.66079231199651
924012,"Acer barbinerve",2.35,2.38,1,1,466.9,160.9,20,1,1,1.40884303454396,0,0,0,1.40884303454396
1419209,"Acer barbinerve",3.802,4.2,1,1,378.27,266.54,20,1,1,1.45020621402724,0,0,0,1.45020621402724
1419210,"Acer barbinerve",1.191,NA,1,0,378,262,20,1,1,2.11825868252107,0,0,0,2.11825868252107
1420002,"Acer barbinerve",4.429,4.5,1,1,383.05,262.75,20,1,1,1.01045633025154,0,0,0,1.01045633025154
1115003,"Acer barbinerve",1.285,NA,1,0,280.5,201.3,20,1,1,2.57171046354933,0,0,0,2.57171046354933
2318206,"Acer barbinerve",3.61,3.9,1,1,343.54,457.46,20,1,1,4.82776731484118,0,0,0,4.82776731484118
118017,"Acer barbinerve",2.21,2.04,1,1,348.93,5.83,20,1,1,7.88131717782407,0,0,0,7.88131717782407
118018,"Acer barbinerve",2.38,NA,1,0,348.48,4.03,20,1,1,8.2186774025183,0,0,0,8.2186774025183
118019,"Acer barbinerve",4.12,4.26,1,1,346.59,2.18,20,1,1,6.31568114166379,0,0,0,6.31568114166379
118020,"Acer barbinerve",2.39,NA,1,0,348.32,1.53,20,1,1,7.39929467415251,0,0,0,7.39929467415251
1211001,"Acer barbinerve",2.503,2.58,1,1,202.84,220.65,20,1,1,6.39106826113031,0,0,0,6.39106826113031
1211002,"Acer barbinerve",1.603,1.52,1,1,202.18,220.47,20,1,1,8.85417881803006,0,0,0,8.85417881803006
1211003,"Acer barbinerve",1.118,NA,1,0,202.22,220,20,1,1,9.05185643848188,0,0,0,9.05185643848188
118026,"Acer barbinerve",1.96,NA,1,0,343.2,13.12,20,1,1,5.79438621886278,0,0,0,5.79438621886278
1211005,"Acer barbinerve",1.639,1.63,1,1,204.35,223.05,20,1,1,3.89104924386014,0,0,0,3.89104924386014
1923053,"Acer barbinerve",3.2,NA,1,0,457.9,367.6,20,1,1,7.636533159903,0,0,0,7.636533159903
1923052,"Acer barbinerve",3.12,3,1,1,457.4,367.4,20,1,1,7.74415458961916,0,0,0,7.74415458961916
1722053,"Acer barbinerve",3.182,NA,1,0,431,335.2,20,1,1,3.06279229624078,0,0,0,3.06279229624078
118039,"Acer barbinerve",3.2,3.46,1,1,348.19,12.94,20,1,1,6.11600224175832,0,0,0,6.11600224175832
924038,"Acer barbinerve",1.47,1.3,1,1,470.55,177.2,20,1,1,1.46279592516655,0,0,0,1.46279592516655
1211011,"Acer barbinerve",3.094,3.09,1,1,203.46,228.46,20,1,1,3.14106786674437,0,0,0,3.14106786674437
118044,"Acer barbinerve",1.71,NA,1,0,346.27,10.66,20,1,1,6.49041221734579,0,0,0,6.49041221734579
2319013,"Acer barbinerve",4.7,NA,1,0,362.58,450.52,20,1,1,0.707171523604706,0,0,0,0.707171523604706
1923206,"Acer barbinerve",3.92,4.5,1,1,443,374.4,20,1,1,1.40512152394944,0,0,0,1.40512152394944
705046,"Acer barbinerve",2.16,2.2,1,1,92.05,128.35,20,1,1,0.512777468926605,0,0,0,0.512777468926605
118048,"Acer barbinerve",3.59,NA,1,0,355,13.2,20,1,1,6.00209840462111,0,0,0,6.00209840462111
1211019,"Acer barbinerve",3.834,3.9,1,1,202.75,231.7,20,1,1,2.52438879034472,0,0,0,2.52438879034472
608015,"Acer barbinerve",2.226,2.46,1,1,147.6,104.7,20,1,1,1.1717231791158,0,0,0,1.1717231791158
1612001,"Acer barbinerve",3.33,3.49,1,1,222.66,301.43,20,1,1,0.278662421351963,0,0,0,0.278662421351963
414013,"Acer barbinerve",1.248,1.5,1,1,269.56,65.37,20,1,1,7.5625037050771,0,0,0,7.5625037050771
1722077,"Acer barbinerve",3.421,NA,1,0,430.54,326.15,20,1,1,3.12083370471931,0,0,0,3.12083370471931
118059,"Acer barbinerve",5,NA,1,0,353.86,10.42,20,1,1,6.2241956156305,0,0,0,6.2241956156305
2223038,"Acer barbinerve",3.74,4.1,1,1,452.8,428.8,20,1,1,0.970144235914116,0,0,0,0.970144235914116
1817037,"Acer barbinerve",3.346,NA,1,0,321.49,356.16,20,1,1,6.23090163325378,0,0,0,6.23090163325378
518022,"Acer barbinerve",1.65,1.49,1,1,341.74,90.92,20,1,1,0.66992846383491,0,0,0,0.66992846383491
1115043,"Acer barbinerve",3.816,4.1,1,1,296.36,201.28,20,1,1,1.39224967225663,0,0,0,1.39224967225663
608028,"Acer barbinerve",1.906,2.19,1,1,149.6,112.6,20,1,1,0.851648970877389,0,0,0,0.851648970877389
511019,"Acer barbinerve",1.61,NA,1,0,204.52,95.59,20,1,1,1.45782529778048,0,0,0,1.45782529778048
2223202,"Acer barbinerve",4.6,1.44,1,1,453.7,434.6,20,1,1,0.888499076925919,0,0,0,0.888499076925919
1722200,"Acer barbinerve",5.218,5.8,1,1,421.7,321.33,20,1,1,3.16368568379006,0,0,0,3.16368568379006
511023,"Acer barbinerve",1.76,NA,1,0,206.68,94.11,20,1,1,1.61577501676498,0,0,0,1.61577501676498
414027,"Acer barbinerve",2.748,NA,1,0,267.46,73.06,20,1,1,3.39444804331067,0,0,0,3.39444804331067
217041,"Acer barbinerve",2.12,2.14,1,1,331.48,34.52,20,1,1,2.32836116626235,0,0,0,2.32836116626235
217042,"Acer barbinerve",1.55,NA,1,0,332.24,35.75,20,1,1,2.96023526836421,0,0,0,2.96023526836421
2223207,"Acer barbinerve",1.33,NA,1,0,456.5,422.7,20,1,1,1.05038665061183,0,0,0,1.05038665061183
511030,"Acer barbinerve",2.4,2.55,1,1,209.7,94.68,20,1,1,0.878793401639358,0,0,0,0.878793401639358
118206,"Acer barbinerve",2.25,2.2,1,1,342.18,15.97,20,1,1,4.91052476109595,0,0,0,4.91052476109595
217048,"Acer barbinerve",2.56,2.8,1,1,335.08,38.49,20,1,1,1.96011528246639,0,0,0,1.96011528246639
2319064,"Acer barbinerve",2.74,NA,1,0,379.35,444.12,20,1,1,2.55242048911509,0,0,0,2.55242048911509
217050,"Acer barbinerve",1.49,NA,1,0,337.31,38.72,20,1,1,2.25601283776444,0,0,0,2.25601283776444
118212,"Acer barbinerve",2.17,2.33,1,1,350.43,19.01,20,1,1,4.72368787396431,0,0,0,4.72368787396431
118213,"Acer barbinerve",1.88,2.13,1,1,350.64,4.88,20,1,1,7.64674489498003,0,0,0,7.64674489498003
118214,"Acer barbinerve",2.11,2.11,1,1,354.71,2.4,20,1,1,4.78935129805136,0,0,0,4.78935129805136
414054,"Acer barbinerve",1.985,1.92,1,1,270.84,64.96,20,1,1,11.6450765107421,0,0,0,11.6450765107421
2017018,"Acer barbinerve",1.7,NA,1,0,329.46,383.45,20,1,1,2.45953188447333,0,0,0,2.45953188447333
414057,"Acer barbinerve",2.365,2.35,1,1,270.83,65.32,20,1,1,11.3498182764653,0,0,0,11.3498182764653
414058,"Acer barbinerve",1.738,NA,1,0,270.27,65.4,20,1,1,10.4843325499747,0,0,0,10.4843325499747
608205,"Acer barbinerve",3.143,3.17,1,1,143.5,106.8,20,1,1,0.949264180931512,0,0,0,0.949264180931512
1722219,"Acer barbinerve",4.233,4.2,1,1,438.52,322.9,20,1,1,2.58828561580543,0,0,0,2.58828561580543
2319209,"Acer barbinerve",2.59,NA,1,0,378.96,442.65,20,1,1,2.59956751955013,0,0,0,2.59956751955013
925026,"Acer barbinerve",1.56,NA,1,0,484.2,173,20,1,1,5.54534334186398,0,0,0,5.54534334186398
2004208,"Acer barbinerve",2.16,2.19,1,1,74.22,392.12,20,1,1,0.295042460432028,0,0,0,0.295042460432028
119009,"Acer barbinerve",1.65,1.57,1,1,367.24,5.68,20,1,1,2.77692744956231,0,0,0,2.77692744956231
925030,"Acer barbinerve",1.85,1.96,1,1,484.3,175.7,20,1,1,5.42368388715673,0,0,0,5.42368388715673
1706045,"Acer barbinerve",3.065,3.2,1,1,115.48,325.93,20,1,1,0.575704075241323,0,0,0,0.575704075241323
1924070,"Acer barbinerve",4.28,4.3,1,1,477,371,20,1,1,1.37071671500976,0,0,0,1.37071671500976
925036,"Acer barbinerve",2.34,2.63,1,1,489.2,172.2,20,1,1,7.22054373759892,0,0,0,7.22054373759892
925037,"Acer barbinerve",1.69,1.91,1,1,488.7,173.5,20,1,1,7.84758373269495,0,0,0,7.84758373269495
119016,"Acer barbinerve",6.8,NA,1,0,360.78,12.59,20,1,1,4.20243717151672,0,0,0,4.20243717151672
925039,"Acer barbinerve",1.99,1.94,1,1,487.2,172,20,1,1,6.45952789685273,0,0,0,6.45952789685273
925040,"Acer barbinerve",1.53,1.7,1,1,485.1,170.7,20,1,1,5.17769335387836,0,0,0,5.17769335387836
925041,"Acer barbinerve",3.4,3.73,1,1,490.3,173.5,20,1,1,5.78074259818658,0,0,0,5.78074259818658
1924079,"Acer barbinerve",4.9,NA,1,0,471.5,368.6,20,1,1,1.73303194643288,0,0,0,1.73303194643288
1812069,"Acer barbinerve",2.942,3.02,1,1,237.51,344.45,20,1,1,1.31684521516556,0,0,0,1.31684521516556
925045,"Acer barbinerve",2.24,2.4,1,1,490.7,179.3,20,1,1,3.24591575222837,0,0,0,3.24591575222837
218012,"Acer barbinerve",4.34,NA,1,0,345.56,31.67,20,1,1,1.17496526429381,0,0,0,1.17496526429381
903013,"Acer barbinerve",2.15,2.36,1,1,48.1,169.63,20,1,1,0.414287392269058,0,0,0,0.414287392269058
2320028,"Acer barbinerve",2.77,2.9,1,1,387.53,452.86,20,1,1,1.39255088841214,0,0,0,1.39255088841214
414211,"Acer barbinerve",3.46,3.64,1,1,267.72,71.1,20,1,1,3.1982465655821,0,0,0,3.1982465655821
1116215,"Acer barbinerve",3.491,4.3,1,1,311.65,217.42,20,1,1,1.1952804868719,0,0,0,1.1952804868719
119043,"Acer barbinerve",1.71,1.55,1,1,376.46,14.23,20,1,1,2.27347599895673,0,0,0,2.27347599895673
316069,"Acer barbinerve",2.837,2.68,1,1,316.52,47.67,20,1,1,0.616672206479413,0,0,0,0.616672206479413
1116218,"Acer barbinerve",4.5,4.8,1,1,313.53,205.72,20,1,1,0.610962298253355,0,0,0,0.610962298253355
2017060,"Acer barbinerve",2.03,1.99,1,1,331.72,384.47,20,1,1,2.32523250221839,0,0,0,2.32523250221839
925058,"Acer barbinerve",3.73,3.76,1,1,492.8,167.6,20,1,1,3.19092407980418,0,0,0,3.19092407980418
1812210,"Acer barbinerve",1.575,1.61,1,1,225.72,351.07,20,1,1,0.391141770177371,0,0,0,0.391141770177371
119057,"Acer barbinerve",1.75,2.05,1,1,378.18,6.57,20,1,1,2.13400275995651,0,0,0,2.13400275995651
202008,"Acer barbinerve",2.05,2.14,1,1,22.94,39.03,20,1,1,0.177417209247926,0,0,0,0.177417209247926
316203,"Acer barbinerve",1.437,1.51,1,1,302.4,56,20,1,1,0.938473133659786,0,0,0,0.938473133659786
1421054,"Acer barbinerve",3.195,3.2,1,1,411.9,279.3,20,1,1,0.530624484205919,0,0,0,0.530624484205919
925065,"Acer barbinerve",4.6,NA,1,0,498.7,163.3,20,1,1,1.61510315385605,0,0,0,1.61510315385605
119203,"Acer barbinerve",3.25,3.96,1,1,368.17,17.33,20,1,1,5.37315418241073,0,0,0,5.37315418241073
119204,"Acer barbinerve",1.25,1.7,1,1,366.7,17.2,20,1,1,6.06408031768143,0,0,0,6.06408031768143
1219030,"Acer barbinerve",3.583,3.76,1,1,373.06,235.66,20,1,1,3.48171968186897,0,0,0,3.48171968186897
925203,"Acer barbinerve",3.83,4.3,1,1,481.8,176.4,20,1,1,3.68278698632451,0,0,0,3.68278698632451
707024,"Acer barbinerve",3.13,NA,1,0,130.46,131.92,20,1,1,0.106145184131847,0,0,0,0.106145184131847
609208,"Acer barbinerve",1.08,NA,1,0,176.5,119.6,20,1,1,0,0,0,0,0
2017077,"Acer barbinerve",2.45,3.15,1,1,335.16,382.58,20,1,1,2.0011411828997,0,0,0,2.0011411828997
421074,"Acer barbinerve",2.323,NA,1,0,417.3,61.21,20,1,1,1.47823151298053,0,0,0,1.47823151298053
2320205,"Acer barbinerve",3.9,4.2,1,1,386.33,458.14,20,1,1,1.03172655718763,0,0,0,1.03172655718763
415013,"Acer barbinerve",2.948,2.81,1,1,280.4,69.68,20,1,1,5.16565494072608,0,0,0,5.16565494072608
1723051,"Acer barbinerve",2.718,NA,1,0,459.5,335.8,20,1,1,2.45791115102284,0,0,0,2.45791115102284
1421073,"Acer barbinerve",1.671,NA,1,0,419.95,274.4,20,1,1,0.855939569414025,0,0,0,0.855939569414025
415017,"Acer barbinerve",1.206,NA,1,0,288.9,61.5,20,1,1,2.19491925737634,0,0,0,2.19491925737634
415018,"Acer barbinerve",2.329,2.25,1,1,288.9,65,20,1,1,2.14703193665514,0,0,0,2.14703193665514
1707025,"Acer barbinerve",2.843,3.8,1,1,122.72,334.95,20,1,1,1.22135805108114,0,0,0,1.22135805108114
415020,"Acer barbinerve",2.514,2.37,1,1,280.16,70.5,20,1,1,5.69881683365251,0,0,0,5.69881683365251
219032,"Acer barbinerve",2.1,2.32,1,1,368.5,33.76,20,1,1,0.596686267098635,0,0,0,0.596686267098635
1022026,"Acer barbinerve",2.6,2.4,1,1,437.43,192.48,20,1,1,3.0895314602683,0,0,0,3.0895314602683
716052,"Acer barbinerve",1.45,NA,1,0,316.56,128.94,20,1,1,1.41060974192878,0,0,0,1.41060974192878
120015,"Acer barbinerve",3.02,NA,1,0,384.96,19.63,20,1,1,2.46168819171432,0,0,0,2.46168819171432
415026,"Acer barbinerve",1.115,NA,1,0,282.24,77.7,20,1,1,3.44473349538598,0,0,0,3.44473349538598
415027,"Acer barbinerve",2.794,2.85,1,1,281.43,79.93,20,1,1,2.55115646439782,0,0,0,2.55115646439782
1421088,"Acer barbinerve",2.472,2.54,1,1,416,265.7,20,1,1,3.10034599146258,0,0,0,3.10034599146258
120020,"Acer barbinerve",2.64,2.69,1,1,394.3,12.06,20,1,1,5.1175099133145,0,0,0,5.1175099133145
120022,"Acer barbinerve",3.18,3.56,1,1,393.68,18.35,20,1,1,3.72609386822132,0,0,0,3.72609386822132
2117063,"Acer barbinerve",1.49,1.5,1,1,331.19,405.03,20,1,1,0.28674024321254,0,0,0,0.28674024321254
1718022,"Acer barbinerve",2.413,2.8,1,1,346.46,338.82,20,1,1,3.14756853810054,0,0,0,3.14756853810054
1723209,"Acer barbinerve",1.392,NA,1,0,456.9,334,20,1,1,2.74181394586118,0,0,0,2.74181394586118
1707048,"Acer barbinerve",2.953,2.9,1,1,133.23,338.65,20,1,1,0.977775283846891,0,0,0,0.977775283846891
1421098,"Acer barbinerve",2.714,3.43,1,1,415.9,264.7,20,1,1,2.82975788221194,0,0,0,2.82975788221194
2321013,"Acer barbinerve",1.47,1.48,1,1,401.2,454.5,20,1,1,1.68306813473992,0,0,0,1.68306813473992
120032,"Acer barbinerve",2.35,2.34,1,1,396.93,12.54,20,1,1,6.41169797484017,0,0,0,6.41169797484017
120033,"Acer barbinerve",1.58,1.48,1,1,398.71,10.76,20,1,1,5.21913061737866,0,0,0,5.21913061737866
120034,"Acer barbinerve",2.12,1.92,1,1,399.13,12.61,20,1,1,5.45668414232623,0,0,0,5.45668414232623
1707055,"Acer barbinerve",1.653,1.8,1,1,132.57,322.2,20,1,1,1.07559117830215,0,0,0,1.07559117830215
415043,"Acer barbinerve",1.153,1.61,1,1,298.6,75.1,20,1,1,1.35090439383793,0,0,0,1.35090439383793
1707059,"Acer barbinerve",2.982,2.9,1,1,136.73,327.85,20,1,1,0.93207962372674,0,0,0,0.93207962372674
2117203,"Acer barbinerve",1.523,NA,1,0,326.21,413.49,20,1,1,0.388192156899468,0,0,0,0.388192156899468
1724010,"Acer barbinerve",2.283,2.5,1,1,462,325.9,20,1,1,3.32665031508315,0,0,0,3.32665031508315
1213005,"Acer barbinerve",3.492,3.66,1,1,243.85,228.45,20,1,1,0.385996734400022,0,0,0,0.385996734400022
2321028,"Acer barbinerve",1.71,NA,1,0,408.5,453.05,20,1,1,3.14657020166262,0,0,0,3.14657020166262
2321029,"Acer barbinerve",1.93,2.14,1,1,409,452.05,20,1,1,2.77520766643271,0,0,0,2.77520766643271
120205,"Acer barbinerve",2.22,1.8,1,1,392.83,16.27,20,1,1,4.59610772893592,0,0,0,4.59610772893592
1707204,"Acer barbinerve",1.744,NA,1,0,120.91,330.97,20,1,1,1.56558644108867,0,0,0,1.56558644108867
120208,"Acer barbinerve",1.83,1.54,1,1,398.32,14.38,20,1,1,5.32694310780907,0,0,0,5.32694310780907
317056,"Acer barbinerve",2.232,NA,1,0,332.12,52.12,20,1,1,0.677171905124836,0,0,0,0.677171905124836
2321035,"Acer barbinerve",1.76,1.7,1,1,411.2,456.9,20,1,1,1.69904055911713,0,0,0,1.69904055911713
415206,"Acer barbinerve",1.666,NA,1,0,296.6,62.86,20,1,1,1.27031334602349,0,0,0,1.27031334602349
2321040,"Acer barbinerve",1.44,1.37,1,1,418,456.9,20,1,1,1.24157218891117,0,0,0,1.24157218891117
120213,"Acer barbinerve",2.75,NA,1,0,396.25,3.56,20,1,1,2.54721244881506,0,0,0,2.54721244881506
120214,"Acer barbinerve",1.38,NA,1,0,395.7,12.6,20,1,1,7.43193803156609,0,0,0,7.43193803156609
220017,"Acer barbinerve",3.78,NA,1,0,384.77,37.76,20,1,1,0.291905135202106,0,0,0,0.291905135202106
121003,"Acer barbinerve",1.48,NA,1,0,401.3,1.9,20,1,1,2.36733635138394,0,0,0,2.36733635138394
416009,"Acer barbinerve",2.12,NA,1,0,308.88,65.32,20,1,1,0.866050663215053,0,0,0,0.866050663215053
121008,"Acer barbinerve",3.96,NA,1,0,408.2,5.75,20,1,1,1.61978630184195,0,0,0,1.61978630184195
2321050,"Acer barbinerve",2.77,2.8,1,1,417.4,445.8,20,1,1,0.809145543999818,0,0,0,0.809145543999818
1925044,"Acer barbinerve",2.6,2.6,1,1,496.7,377.4,20,1,1,0,0,0,0,0
